N°;Referencia;Provincia;Distrito;Giro del inmueble;Tipo de calle/vía;Nombre de calle/vía;AASS
12;CH 1 JOCKEY;LIMA;SANTIAGO DE SURCO;RESTAURANTE\RESTAURANTE;Avenida;JAVIER PRADO ESTE;SARA CORDERO
13;CH 2 OVALO;LIMA;SAN ISIDRO;RESTAURANTE\RESTAURANTE;Plaza;AGUSTIN GUTIERREZ- CAVENECIA 106-110 - CONQUISTADORES 1090-1094;SARA CORDERO
14;CH 4 TAIPEI;LIMA;MIRAFLORES;RESTAURANTE\RESTAURANTE;Avenida;ALFREDO BENAVIDES;SARA CORDERO
15;CH 5 MONITOR;LIMA;LA MOLINA;RESTAURANTE\RESTAURANTE;Avenida;LAS PLAMERAS;SARA CORDERO
16;CH 6 LARCO MAR;LIMA;MIRAFLORES;RESTAURANTE\RESTAURANTE;Avenida;MALECON DE LA RESERVA;SARA CORDERO
17;CH 7 MEGA PLAZA;LIMA;INDEPENDENCIA;RESTAURANTE\RESTAURANTE;Avenida;ALFREDO MENDIOLA ;SARA CORDERO
18;CH 8 PARQUE ARAUCO;AREQUIPA;AREQUIPA;RESTAURANTE\RESTAURANTE;Avenida;LAMBRAMANI;Sheyda Florindez
19;CH 9 PRIMAVERA CON VELASCO A;LIMA;SANTIAGO DE SURCO;RESTAURANTE\RESTAURANTE;Avenida;ALEJANDRO VELASCO ASTETE ;SARA CORDERO
20;CH 10 PARDO;LIMA;MIRAFLORES;RESTAURANTE\RESTAURANTE;Avenida;JOSE PARDO;SARA CORDERO
21;CH 11 OPEN PLAZA PIURA ;PIURA;CASTILLA;RESTAURANTE\RESTAURANTE;Avenida;CACERES;Sheyda Florindez
22;CH 12 AVENTURA STA. ANITA;LIMA;SANTA ANITA;RESTAURANTE\RESTAURANTE;Avenida;CARRETERA CENTRAL;SARA CORDERO
23;CH 13 CC SAN BORJA;LIMA;SAN BORJA;RESTAURANTE\RESTAURANTE;Avenida;PERÍMETRO ENCERRADO POR LA JAVIER PRADO OESTE, CALLE CARPACCIO Y CALLE UCELLO;SARA CORDERO
24;CH 14 AVENTURA TRUJILLO;TRUJILLO;TRUJILLO;RESTAURANTE\RESTAURANTE;Avenida;AMERICA OESTE;Sheyda Florindez
25;CH 15 C.C. CENTRO CIVICO;LIMA;LIMA;RESTAURANTE\RESTAURANTE;Avenida;INCA GARCILAZO DE LA VEGA;SARA CORDERO
26;CH 17 DOS DE MAYO;LIMA;SAN ISIDRO;RESTAURANTE\RESTAURANTE;Avenida;DOS DE MAYO;SARA CORDERO
27;CH 18 CC REAL PZA. CHICLAYO;CHICLAYO;CHICLAYO;RESTAURANTE\RESTAURANTE;Calle;MARISCAL ANDRÉS AVELINO CÁCERES ;Sheyda Florindez
28;CH 19 CC REAL PZA. CUZCO;CUSCO;CUSCO;RESTAURANTE\RESTAURANTE;Avenida;AVENIDA COLLASUYO ;Sheyda Florindez
29;CH 20 CC PLAZA LIMA NORTE;LIMA;INDEPENDENCIA;RESTAURANTE\RESTAURANTE;Avenida;ALFREDO MENDIOLA;SARA CORDERO
30;CH 21 CC MALL DEL SUR;LIMA;SAN JUAN DE MIRAFLORES;RESTAURANTE\RESTAURANTE;Avenida;PEDRO MIOTA ;SARA CORDERO
31;CH 22 CC OPEN PLAZA ANGAMOS;LIMA;SURQUILLO;RESTAURANTE\RESTAURANTE;Avenida;NUEVA TOMAS MARSANO ;SARA CORDERO
32;CH 23 PLAZA LIMA SUR;LIMA;CHORRILLOS;RESTAURANTE\RESTAURANTE;Avenida;PASEO DE LA REPÚBLICA;SARA CORDERO
33;CH 24 CC. OPEN PLAZA HUANCAYO;HUANCAYO;HUANCAYO;RESTAURANTE\RESTAURANTE;Avenida;FERROCARRIL;Sheyda Florindez
34;CH 26 C.C. REAL PLAZA PRIMAVERA;LIMA;SAN BORJA;RESTAURANTE\RESTAURANTE;Avenida;ANGAMOS ESTE;SARA CORDERO
35;CH 27 BAJADA BALTA;LIMA;MIRAFLORES;RESTAURANTE\RESTAURANTE;Malecon;BALTA;SARA CORDERO
36;CH 3 SAN MIGUEL;LIMA;SAN MIGUEL;RESTAURANTE\RESTAURANTE;Calle;MANTARO;SARA CORDERO
37;CH 28 RIVERA NAVARRETE;LIMA;SAN ISIDRO;RESTAURANTE\RESTAURANTE;Avenida;RICARDO RIVERA NAVERRETE;SARA CORDERO
38;CH 29 CC EL POLO;LIMA;SANTIAGO DE SURCO;RESTAURANTE\RESTAURANTE;Jiron;CENTRO COMERCIAL EL POLO ;SARA CORDERO
39;CH 16 C.C. AVENTURA BELLAVISTA;CALLAO;CALLAO;RESTAURANTE\RESTAURANTE;Avenida;OSCAR R. BENAVIDES ;SARA CORDERO
40;CH 31 PURUCHUCO;LIMA;ATE;RESTAURANTE\RESTAURANTE;Avenida;NICOLAS AYLLON;SARA CORDERO
44;CH 25 LA RAMBLA BRASIL;LIMA;BREÑA;RESTAURANTE\RESTAURANTE;Avenida;BRASIL ;SARA CORDERO
45;CH 32 MALL AVENTURA CHICLAYO;CHICLAYO;CHICLAYO;RESTAURANTE\RESTAURANTE;Avenida;PANAMERICANA;Sheyda Florindez
46;CHILIS35 MA SJL;LIMA;SAN JUAN DE LURIGANCHO;RESTAURANTE\RESTAURANTE;Avenida;LURIGANCHO;SARA CORDERO
47;KFC 3 AVIACIÓN;LIMA;SAN BORJA;RESTAURANTE\RESTAURANTE;Avenida;AVIACION;Yeisll Diaz
48;KFC 4 SAN ISIDRO CAR 1;LIMA;SAN ISIDRO;RESTAURANTE\RESTAURANTE;Avenida;JAVIER PRADO OESTE;Paola Mija
49;KFC 5 BENAVIDES;LIMA;SANTIAGO DE SURCO;RESTAURANTE\RESTAURANTE;Avenida;ALFREDO BENAVIDES;Yeisll Diaz
50;KFC 6 LARCO;LIMA;MIRAFLORES;RESTAURANTE\RESTAURANTE;Avenida;JOSE A. LARCO;Katherine Gutierrez
51;KFC 7 CAMACHO;LIMA;LA MOLINA;RESTAURANTE\RESTAURANTE;Avenida;JAVIER PRADO;Mariaelena Quiroz
52;KFC 9 ESPINAR;LIMA;MIRAFLORES;RESTAURANTE\RESTAURANTE;Avenida;COMANDANTE ESPINAR;Katherine Gutierrez
53;KFC 10 CC LA RAMBLA FREE STANDING ;LIMA;SAN BORJA;RESTAURANTE\RESTAURANTE;Jiron;CARPACCIO;Yeisll Diaz
54;KFC 11 SAN MIGUEL;LIMA;SAN MIGUEL;RESTAURANTE\RESTAURANTE;Jiron;LA MARINA ;Mariaelena Quiroz
55;KFC 14 LA MOLINA;LIMA;LA MOLINA;RESTAURANTE\RESTAURANTE;Avenida;RAÚL FERRERO;Mariaelena Quiroz
56;KFC 15 JR. DE LA UNIÓN;LIMA;LIMA;RESTAURANTE\RESTAURANTE;Jiron;DE LA UNIÓN;Yeisll Diaz
57;KFC 17 PRIMAVERA ;LIMA;SANTIAGO DE SURCO;RESTAURANTE\RESTAURANTE;Avenida;PRIMAVERA ;Yeisll Diaz
58;KFC 18 JOCKEY PH14;LIMA;SANTIAGO DE SURCO;RESTAURANTE\RESTAURANTE;Avenida;JAVIER PRADO ESTE ;Yeisll Diaz
59;KFC 19 CANADÁ PH 12;LIMA;LA VICTORIA;RESTAURANTE\RESTAURANTE;Avenida;CANADA;Yeisll Diaz
60;KFC 20 SUCRE PH 13;LIMA;PUEBLO LIBRE;RESTAURANTE\RESTAURANTE;Avenida;SAN MARTIN;Katherine Gutierrez
61;KFC 21 ARMENDARIZ PH 15;LIMA;MIRAFLORES;RESTAURANTE\RESTAURANTE;Avenida;ARMENDARIZ;Katherine Gutierrez
62;KFC 22 SANTA ANITA PH 17;LIMA;SANTA ANITA;RESTAURANTE\RESTAURANTE;Calle;ESQUINA .LOS RUISEÑORES Y CALLE LAS ALONDRAS;Yeisll Diaz
63;KFC 24 SAGA SAN ISIDRO  PH 18;LIMA;SAN ISIDRO;RESTAURANTE\RESTAURANTE;Avenida;LAS BEGONIAS;Yeisll Diaz
64;KFC 25 LARCO MAR;LIMA;MIRAFLORES;RESTAURANTE\RESTAURANTE;Malecon;DE LA RESERVA;Katherine Gutierrez
65;KFC 26 LIMATAMBO;LIMA;SAN BORJA;RESTAURANTE\RESTAURANTE;Avenida;ANGAMOS ESTE;Yeisll Diaz
66;KFC 27 SAGA AREQUIPA;AREQUIPA;AREQUIPA;RESTAURANTE\RESTAURANTE;Avenida;CALLE ARCES SAGAFALABELLA CAYMA ;Sheyda Florindez
67;KFC 28 ROYAL PLAZA PH 26;LIMA;INDEPENDENCIA;RESTAURANTE\RESTAURANTE;Avenida;CARLOS IZAGUIRRE;Paola Mija
68;KFC 29 FOOD COURT MEGA;LIMA;INDEPENDENCIA;RESTAURANTE\RESTAURANTE;Avenida;CENTRO COMERCIAL MEGAPLAZA, AV. ALFREDO MENDIOLA;Paola Mija
69;KFC 30 MEGA PLAZA;LIMA;INDEPENDENCIA;RESTAURANTE\RESTAURANTE;Avenida;ALFREDO MENDIOLA;Paola Mija
70;KFC 31 FC CÁNEPA;LIMA;LA VICTORIA;RESTAURANTE\RESTAURANTE;Avenida;ANTONIO BAZO ;Yeisll Diaz
71;KFC 34 CHORRILLOS;LIMA;CHORRILLOS;RESTAURANTE\RESTAURANTE;Avenida;PASEO DE LA REPUBLICA;Katherine Gutierrez
72;KFC 35 LIMA SUR CHORRILLOS;LIMA;CHORRILLOS;RESTAURANTE\RESTAURANTE;Avenida;PASEO DE LA REPUBLICA;Katherine Gutierrez
73;KFC 36 PLAZA CHICLAYO;CHICLAYO;CHICLAYO;RESTAURANTE\RESTAURANTE;Avenida;M. DE CERVANTES;Sheyda Florindez
74;KFC 37 TAIPEI;LIMA;MIRAFLORES;RESTAURANTE\RESTAURANTE;Avenida;JOSE A. ENCINAS;Katherine Gutierrez
75;KFC 38 SAN LUIS;LIMA;SAN LUIS;RESTAURANTE\RESTAURANTE;Avenida;CANADA;Yeisll Diaz
76;KFC 39 FAUCETT CALLAO PHD 8;CALLAO;CALLAO;RESTAURANTE\RESTAURANTE;Avenida;ELMER FAUCETT;Mariaelena Quiroz
77;KFC 40 COMAS;LIMA;COMAS;RESTAURANTE\RESTAURANTE;Avenida;TUPAC AMARU;Paola Mija
78;KFC 42 TELLO;LIMA;SURQUILLO;RESTAURANTE\RESTAURANTE;Avenida;REPUBLICA DE PANAMA;Yeisll Diaz
79;KFC 43 SODIMAC;LIMA;LA VICTORIA;RESTAURANTE\RESTAURANTE;Avenida;JAVIER PRADO ESTE;Yeisll Diaz
80;KFC 45 PEZET;LIMA;SAN ISIDRO;RESTAURANTE\RESTAURANTE;Avenida;PEZET, GENERAL JUAN ANTONIO;Yeisll Diaz
81;KFC 46 SAN JUAN ;LIMA;SAN JUAN DE MIRAFLORES;RESTAURANTE\RESTAURANTE;Avenida;SAN JUAN;Yeisll Diaz
82;KFC 48 REAL PLAZA ;TRUJILLO;TRUJILLO;RESTAURANTE\RESTAURANTE;Avenida;CESAR VALLEJO OESTE;Sheyda Florindez
83;KFC 49 MALL PLAZA;TRUJILLO;TRUJILLO;RESTAURANTE\RESTAURANTE;Avenida;AMERICA OESTE ;Sheyda Florindez
84;KFC 50 ATOCONGO;LIMA;SAN JUAN DE MIRAFLORES;RESTAURANTE\RESTAURANTE;Avenida;CIRCUNVALACION;Yeisll Diaz
85;KFC 51 TOMÁS VALLE;CALLAO;CALLAO;RESTAURANTE\RESTAURANTE;Avenida;TOMAS VALLE;Mariaelena Quiroz
86;KFC 52 HABICH;LIMA;SAN MARTIN DE PORRES;RESTAURANTE\RESTAURANTE;Avenida;DE HABICH EDUARDO;Paola Mija
87;KFC 53 SURQUILLO ;LIMA;SURQUILLO;RESTAURANTE\RESTAURANTE;Avenida;ANGAMOS ESTE;Yeisll Diaz
88;KFC 55 HUANCAYO;HUANCAYO;HUANCAYO;RESTAURANTE\RESTAURANTE;Avenida;FERROCARRIL, REAL PLAZA ;Sheyda Florindez
89;KFC 56 CENTRO CIVICO;LIMA;LIMA;RESTAURANTE\RESTAURANTE;Avenida;INCA GARCILAZO DE LA VEGA,C.C CENTRO CIVICO ;Yeisll Diaz
90;KFC 57 ICA;ICA;ICA;RESTAURANTE\RESTAURANTE;Avenida;SAN MARTIN ;Sheyda Florindez
91;KFC 58 MINKA CALLAO;CALLAO;CALLAO;RESTAURANTE\RESTAURANTE;Avenida;ARGENTINA - MINKA;Mariaelena Quiroz
92;KFC 59 CONTISUYO;LIMA;SAN MIGUEL;RESTAURANTE\RESTAURANTE;Avenida;ELMER FAUCETT;Mariaelena Quiroz
93;KFC 60 OPEN PLAZA MARSANO;LIMA;SURQUILLO;RESTAURANTE\RESTAURANTE;Avenida;NUEVA TOMAS MARSANO;Yeisll Diaz
94;KFC 61 PARQUE ARAUCO AREQUIPA;AREQUIPA;AREQUIPA;RESTAURANTE\RESTAURANTE;Avenida;LAMBRAMANI;Sheyda Florindez
95;KFC 62 METRO BREÑA;LIMA;BREÑA;RESTAURANTE\RESTAURANTE;Avenida;IQUIQUE;Mariaelena Quiroz
96;KFC 63  MERCADERES AREQUIPA;AREQUIPA;AREQUIPA;RESTAURANTE\RESTAURANTE;Calle;CALLE MERCADERES;Sheyda Florindez
97;KFC 64 OPEN PLAZA PIURA;PIURA;PIURA;RESTAURANTE\RESTAURANTE;Avenida;CACERES OPEN PLAZA;Sheyda Florindez
98;KFC 65 PLAZA SOL DE HUACHO;HUAURA;HUACHO;RESTAURANTE\RESTAURANTE;Avenida;CALLE COLON;Sheyda Florindez
99;KFC 66 REP DOMINICANA;LIMA;JESUS MARIA;RESTAURANTE\RESTAURANTE;Avenida;REPUBLICA DOMINICANA ;Mariaelena Quiroz
100;KFC 67 ARZOBISPADO DEL CUSCO;CUSCO;CUSCO;RESTAURANTE\RESTAURANTE;Calle;PORTAL CARNES;Sheyda Florindez
101;KFC 68 LINCE/BERNARDO ALCEDO;LIMA;LINCE;RESTAURANTE\RESTAURANTE;Avenida;AREQUIPA;Katherine Gutierrez
102;KFC 69 BOLIVAR;LIMA;PUEBLO LIBRE;RESTAURANTE\RESTAURANTE;Avenida;SIMON BOLIVAR;Katherine Gutierrez
103;KFC 70 UNIVERSITARIA;LIMA;SAN MIGUEL;RESTAURANTE\RESTAURANTE;Avenida;UNIVERSITARIA;Mariaelena Quiroz
104;KFC 72 CAVENECIA ;LIMA;MIRAFLORES;RESTAURANTE\RESTAURANTE;Avenida;EMILIO CAVENECIA;Katherine Gutierrez
105;KFC 73 PARQUE AGUSTINO;LIMA;EL AGUSTINO;RESTAURANTE\RESTAURANTE;Jiron;ANCASH;Yeisll Diaz
106;KFC 74 EL QUINDE;CAJAMARCA;CAJAMARCA;RESTAURANTE\RESTAURANTE;Jiron;SOR MANUELA GIL ;Sheyda Florindez
107;KFC 75 PLAZA LIMA NORTE;LIMA;INDEPENDENCIA;RESTAURANTE\RESTAURANTE;Avenida;ALFREDO MENDIOLA;Paola Mija
108;KFC 76 BELLAVISTA;CALLAO;CALLAO;RESTAURANTE\RESTAURANTE;Avenida;OSCAR R. BENAVIDES ;Mariaelena Quiroz
109;KFC 77 PLAZA DE LA LUNA  ;PIURA;PIURA;RESTAURANTE\RESTAURANTE;Avenida;GRAU - CENTRO COMERCIAL PLAZA DE LA LUNA PIURA;Sheyda Florindez
110;KFC 79 MEGA EXPRESS V. EL SALVADOR;LIMA;VILLA EL SALVADOR;RESTAURANTE\RESTAURANTE;Carretera;CAR, ANTIGUA PANAMERICANA SUR MZA. 29, LURÍN 15841;Yeisll Diaz
111;KFC 80 REAL PLAZA PRO ;LIMA;SAN MARTIN DE PORRES;RESTAURANTE\RESTAURANTE;Avenida;REAL PLAZA ALFREDO MENDIOLA ;Paola Mija
112;KFC 81 MEGA PLAZA CHIMBOTE ;SANTA;CHIMBOTE;RESTAURANTE\RESTAURANTE;Avenida;V. R. H. DE LA TORRE;Sheyda Florindez
113;KFC 82 AVENTURA STA. ANITA ;LIMA;SANTA ANITA;RESTAURANTE\RESTAURANTE;Avenida;CARRETERA CENTRAL;Yeisll Diaz
114;KFC 83 PETIT THOUARS;LIMA;LINCE;RESTAURANTE\RESTAURANTE;Avenida;DU PETIT THOUARS, ABEL BERGASSE;Katherine Gutierrez
115;KFC 84 OVALO LARCO, TRUJILLO;TRUJILLO;TRUJILLO;RESTAURANTE\RESTAURANTE;Avenida;VICTOR LARCO HERRERA;Sheyda Florindez
116;KFC 85 TOMASAL ;LIMA;SANTIAGO DE SURCO;RESTAURANTE\RESTAURANTE;Avenida;PRIMAVERA ;Yeisll Diaz
117;KFC 86 CHIMU;LIMA;SAN JUAN DE LURIGANCHO;RESTAURANTE\RESTAURANTE;Avenida;GRAN CHIMU;Yeisll Diaz
118;KFC 87 MICAELA BASTIDAS ;LIMA;COMAS;RESTAURANTE\RESTAURANTE;Avenida;TUPAC AMARU ;Paola Mija
119;KFC 88 C.C. LA RAMBLA;LIMA;SAN BORJA;RESTAURANTE\RESTAURANTE;Jiron;CARPACCIO;Yeisll Diaz
120;KFC 89 ANGÉLICA GAMARRA;LIMA;LOS OLIVOS;RESTAURANTE\RESTAURANTE;Avenida;ANGELICA GAMARRA DE LEON;Paola Mija
121;KFC 90 TOTTUS HUAYLAS ;LIMA;CHORRILLOS;RESTAURANTE\RESTAURANTE;Avenida;DEFENSORES DEL MORRO ;Katherine Gutierrez
122;KFC 91 BRASIL ;LIMA;MAGDALENA DEL MAR;RESTAURANTE\RESTAURANTE;Avenida;JAVIER PRADO OESTE;Mariaelena Quiroz
123;KFC 92 REAL PLAZA JULIACA ;SAN ROMAN;JULIACA;RESTAURANTE\RESTAURANTE;Avenida;TUMBES;Sheyda Florindez
124;KFC 93 TOTTUS LA MARINA ;LIMA;SAN MIGUEL;RESTAURANTE\RESTAURANTE;Avenida;LA MARINA ;Mariaelena Quiroz
125;KFC 94 CASA WELSCH ;LIMA;LIMA;RESTAURANTE\RESTAURANTE;Jiron;JIRÓN DE LA UNIÓN ;Yeisll Diaz
126;KFC 95 TOTTUS GUIPOR  ;LIMA;LOS OLIVOS;RESTAURANTE\RESTAURANTE;Avenida;MENDIOLA, ALFREDO;Paola Mija
127;KFC 96 AVENTURA AREQUIPA;AREQUIPA;AREQUIPA;RESTAURANTE\RESTAURANTE;Avenida;C.C.MALL AVENTURA PLAZA ;Sheyda Florindez
128;KFC 97 REAL PZA. HUANUCO;HUANUCO;HUANUCO;RESTAURANTE\RESTAURANTE;Jiron;INDEPENDENCIA;Sheyda Florindez
129;KFC 99 REAL PLAZA PIURA;PIURA;PIURA;RESTAURANTE\RESTAURANTE;Avenida;SANCHEZ CERRO;Sheyda Florindez
130;KFC 101 BODEGONES;LIMA;SANTIAGO DE SURCO;RESTAURANTE\RESTAURANTE;Calle;CAMINOS DEL INCA;Yeisll Diaz
131;KFC 102 TARAPACA;LIMA;RIMAC;RESTAURANTE\RESTAURANTE;Avenida;FELIPE ARANCIBIA, RÍMAC 15094;Katherine Gutierrez
132;KFC 103 CANTO GRANDE;LIMA;SAN JUAN DE LURIGANCHO;RESTAURANTE\RESTAURANTE;Avenida;CANTO GRANDE;Yeisll Diaz
133;KFC 105 EL QUINDE ICA;ICA;ICA;RESTAURANTE\RESTAURANTE;Avenida;LOS MAESTROS;Sheyda Florindez
134;KFC 106 AV. AREQUIPA 1300;LIMA;LIMA;RESTAURANTE\RESTAURANTE;Jiron;CABO TEODORO CÁRDENAS;Yeisll Diaz
135;KFC 107 OPEN PZA. PUCALLPA;CORONEL PORTILLO;CALLERIA;RESTAURANTE\RESTAURANTE;Avenida;AVENIDA CENTENARIO;Sheyda Florindez
136;KFC 108 REAL PZA. CUSCO;CUSCO;CUSCO;RESTAURANTE\RESTAURANTE;Avenida;AV. COLLASUYOCUSCO 08003;Sheyda Florindez
137;KFC 114 STA. CLARA;LIMA;ATE;RESTAURANTE\RESTAURANTE;Avenida; NICOLÁS AYLLON;Yeisll Diaz
138;KFC 110 CAJAMARCA;CAJAMARCA;CAJAMARCA;RESTAURANTE\RESTAURANTE;Avenida;EVITAMIENTO NORTE ;Sheyda Florindez
139;KFC 111 REAL PLAZA PUCALLPA;CORONEL PORTILLO;CALLERIA;RESTAURANTE\RESTAURANTE;Avenida;CENTENARIO;Sheyda Florindez
140;KFC 112 CC OPEN PZA. MODASA;LIMA;ATE;RESTAURANTE\RESTAURANTE;Avenida;LOS FRUTALES;Yeisll Diaz
141;KFC 113 MONTERREY;LIMA;SAN MARTIN DE PORRES;RESTAURANTE\RESTAURANTE;Avenida;PERÚ;Paola Mija
142;KFC 114 REAL PLAZA SALAVERRY;LIMA;JESUS MARIA;RESTAURANTE\RESTAURANTE;Avenida;GENERAL FELIPE SALAVERRY;Mariaelena Quiroz
143;KFC 115 LA RAMBLA BRASIL;LIMA;BREÑA;RESTAURANTE\RESTAURANTE;Avenida;BRASIL;Mariaelena Quiroz
144;KFC 116 PLAZA VEA VENTANILLA;CALLAO;VENTANILLA;RESTAURANTE\RESTAURANTE;Avenida;PEDRO BELTRÁN ;Mariaelena Quiroz
145;KFC 117 C.C. MALL DEL SUR;LIMA;SAN JUAN DE MIRAFLORES;RESTAURANTE\RESTAURANTE;Avenida;PEDRO MIOTA;Yeisll Diaz
146;KFC 118 HUANUCO ;HUANUCO;HUANUCO;RESTAURANTE\RESTAURANTE;Jiron;CC OPEN PLAZA HUANUCO;Sheyda Florindez
147;KFC 119 LA MOLINA;LIMA;LA MOLINA;RESTAURANTE\RESTAURANTE;Calle;CALLE 7;Mariaelena Quiroz
148;KFC 120 VENEZUELA;LIMA;BREÑA;RESTAURANTE\RESTAURANTE;Avenida;VENEZUELA;Mariaelena Quiroz
149;KFC 121 OP HUANCAYO;HUANCAYO;HUANCAYO;RESTAURANTE\RESTAURANTE;Avenida;FERROCARRIL;Sheyda Florindez
150;KFC 122 MEGAPLAZA 03 ;LIMA;INDEPENDENCIA;RESTAURANTE\RESTAURANTE;Avenida;ALFREDO MENDIOLA;Paola Mija
151;KFC 123 LA BOLICHERA;LIMA;SANTIAGO DE SURCO;RESTAURANTE\RESTAURANTE;Avenida;LOS PRÓCERES ;Yeisll Diaz
152;KFC 124 PLAZA NORTE;LIMA;INDEPENDENCIA;RESTAURANTE\RESTAURANTE;Avenida;ALFREDO MENDIOLA;Paola Mija
153;KFC 125 CC PLAZA VEA LURIN;LIMA;LURIN;RESTAURANTE\RESTAURANTE;Carretera; ANTIGUA PANAMERICANA;Yeisll Diaz
154;KFC 126 VILLA MARÍA DEL TRIUNFO;LIMA;VILLA MARIA DEL TRIUNFO;RESTAURANTE\RESTAURANTE;Avenida;VILLA MARÍA DEL TRIUNFO;Yeisll Diaz
155;KFC 127 PUENTE PIEDRA;LIMA;PUENTE PIEDRA;RESTAURANTE\RESTAURANTE;Avenida;AV. PUENTE PIEDRA , PUENTE PIEDRA 15118;Paola Mija
156;KFC 128 LAP;CALLAO;CALLAO;RESTAURANTE\RESTAURANTE;Avenida;ELMER FAUCETT AEROPUERTO INT. JORGE CHAVEZ;Mariaelena Quiroz
157;KFC 130 MALL DEL SUR 2;LIMA;SAN JUAN DE MIRAFLORES;RESTAURANTE\RESTAURANTE;Avenida;PEDRO MIOTA;Yeisll Diaz
158;KFC 131 REAL PLAZA AREQUIPA ;AREQUIPA;AREQUIPA;RESTAURANTE\RESTAURANTE;Avenida;EJERCITO;Sheyda Florindez
159;KFC 132 VILLA EL SALVADOR;LIMA;VILLA EL SALVADOR;RESTAURANTE\RESTAURANTE;Avenida;SOLIDARIDAD ;Yeisll Diaz
160;KFC 133 GUILLERMO DE LA FUENTE ;LIMA;COMAS;RESTAURANTE\RESTAURANTE;Avenida;UNIVERSITARIA ;Paola Mija
161;KFC 134 MEGAPLAZA CAÑETE;CAÑETE;SAN VICENTE DE CAÑETE;RESTAURANTE\RESTAURANTE;Avenida;MARGARITA, SAN VICENTE DE CAÑETE MEGA PLAZA ;Sheyda Florindez
162;KFC 136 CANTA CALLAO;CALLAO;CALLAO;RESTAURANTE\RESTAURANTE;Avenida;CANTA CALLAO;Mariaelena Quiroz
163;KFC 137 CHINCHA ;CHINCHA;CHINCHA ALTA;RESTAURANTE\RESTAURANTE;Sin tipo;C.C. MEGAPLAZA CHINCHA;Sheyda Florindez
164;KFC 138 PLAZA LIMA NORTE 3;LIMA;INDEPENDENCIA;RESTAURANTE\RESTAURANTE;Avenida;ALFREDO MENDIOLA(C.C. PLAZA LIMA NORTE, LOCAL CA-2);Paola Mija
165;KFC 139 AVENTURA SANTA ANITA 2;LIMA;SANTA ANITA;RESTAURANTE\RESTAURANTE;Avenida;CARRETERA CENTRAL;Yeisll Diaz
166;KFC 140 ESTACION SAN MARTIN ;LIMA;SAN JUAN DE LURIGANCHO;RESTAURANTE\RESTAURANTE;Avenida;SAN MARTIN CON AV. WIESSE;Yeisll Diaz
167;KFC 141 PSM - PLAZA SAN MIGUEL;LIMA;SAN MIGUEL;RESTAURANTE\RESTAURANTE;Avenida;LA MARINA ;Mariaelena Quiroz
168;KFC 142 BARRANCA;BARRANCA;BARRANCA;RESTAURANTE\RESTAURANTE;Jiron;RAMON ZAVALA ;Sheyda Florindez
169;KFC 143 PEDRO DE OSMA;LIMA;BARRANCO;RESTAURANTE\RESTAURANTE;Avenida;PEDRO DE OSMA;Katherine Gutierrez
170;KFC 144 JARDINES;LIMA;SAN JUAN DE LURIGANCHO;RESTAURANTE\RESTAURANTE;Avenida;PROCERES DE LA INDEPENDENCIA;Yeisll Diaz
171;KFC 145 SAN CARLOS;LIMA;SAN JUAN DE LURIGANCHO;RESTAURANTE\RESTAURANTE;Avenida;PROCERES DE LA INDEPENDENCIA;Yeisll Diaz
172;KFC 147 VILLARAN;LIMA;SURQUILLO;RESTAURANTE\RESTAURANTE;Avenida;MANUEL VILLARAN ;Yeisll Diaz
173;KFC 150 TUMBES;TUMBES;TUMBES;RESTAURANTE\RESTAURANTE;Avenida;SAN MARTÍN;Sheyda Florindez
174;KFC 151 MOQUEGUA;ILO;ILO;RESTAURANTE\RESTAURANTE;Avenida;CIRCUNVALACIÓN FUNDO EL GRAMADAL;Sheyda Florindez
175;KFC 152 TACNA;TACNA;TACNA;RESTAURANTE\RESTAURANTE;Avenida;CUSCO ;Sheyda Florindez
176;KFC 153 HUARAL;HUARAL;HUARAL;RESTAURANTE\RESTAURANTE;Avenida; CHANCAYE, HUARAL 15202;Sheyda Florindez
177;KFC 154 MEGA PLAZA CHORRILLOS;LIMA;CHORRILLOS;RESTAURANTE\RESTAURANTE;Avenida;ALAMEDA SUR;Katherine Gutierrez
178;KFC 155 PURUCHUCO;LIMA;ATE;RESTAURANTE\RESTAURANTE;Avenida;NICOLAS AYLLON;Yeisll Diaz
179;KFC 156 PUNO;PUNO;PUNO;RESTAURANTE\RESTAURANTE;Avenida;LOS INCAS ;Sheyda Florindez
180;KFC 157 ILO;ILO;ILO;RESTAURANTE\RESTAURANTE;Avenida;COSTANERA;Sheyda Florindez
181;KFC 159 OVALO 200 MILLAS;CALLAO;CALLAO;RESTAURANTE\RESTAURANTE;Avenida;ELMER FAUCETT;Mariaelena Quiroz
182;KFC 160 KIO;LIMA;LURIN;RESTAURANTE\RESTAURANTE;Avenida;SUB LOTE 1, FRENTE A LA CARRETERA PANAMERICANA SUR KM. 26.62;Yeisll Diaz
183;KFC 161 PISCO;PISCO;PISCO;RESTAURANTE\RESTAURANTE;Avenida;FERMÍN TANGÜIS;Sheyda Florindez
184;KFC 163 KIOSKO MEGAPLAZA;LIMA;INDEPENDENCIA;RESTAURANTE\RESTAURANTE;Avenida;ALFREDO MENDIOLA;Paola Mija
185;KFC 164 PURUCHUCO;LIMA;ATE;RESTAURANTE\RESTAURANTE;Avenida;NICOLAS AYLLON ;Yeisll Diaz
186;KFC 165 KIOSCO PURUCHUCO;LIMA;ATE;RESTAURANTE\RESTAURANTE;Avenida;NICOLAS AYLLON;Yeisll Diaz
187;KFC 171 QHATU PLAZA;LIMA;ATE;RESTAURANTE\RESTAURANTE;Avenida;LA ESTRELLA;Yeisll Diaz
188;KFC 173 MPC - MALL PLAZA COMAS;LIMA;COMAS;RESTAURANTE\RESTAURANTE;Avenida;LOS ÁNGELES;Paola Mija
189;KFC 177 GUARDIA CIVIL ;LIMA;CHORRILLOS;RESTAURANTE\RESTAURANTE;Jiron;GUARDIA CIVIL;Katherine Gutierrez
190;KFC 183 - MALL AVENTURA CHICLAYO;CHICLAYO;CHICLAYO;RESTAURANTE\RESTAURANTE;Avenida;PANAMERICANA;Sheyda Florindez
191;KFC 186 HEROES;LIMA;SAN JUAN DE MIRAFLORES;RESTAURANTE\RESTAURANTE;Avenida;CINESTAR SUR EN SUB LOTE 16 ;Yeisll Diaz
192;CAR 1: AV. JAVIER PRADO OESTE 1650, S.I.;LIMA;SAN ISIDRO;OFICINA ;Avenida;JAVIER PRADO OESTE;Paola Mija
193;CAR 4: AV. PARDO 299, 2° PISO, MIRAFLORES;LIMA;MIRAFLORES;OFICINA ;Avenida;DOS DE MAYO;Paola Mija
194;CAR 6: AV.  DOS DE MAYO 1590, S.I.;LIMA;SAN ISIDRO;OFICINA ;Avenida;PARDO;Paola Mija
195;CAR 7: AV. LOS NOGALES 294, S. I.;LIMA;SAN ISIDRO;OFICINA ;Avenida;LOS NOGALES;Paola Mija
196;COCINA CENTRAL RANSA DELOSI ;CALLAO;CALLAO;ALMACEN ;Avenida;ARGENTINA;Mariaelena Quiroz
201;KF187 PORONGOCHE AQP;AREQUIPA;PAUCARPATA;RESTAURANTE\RESTAURANTE;Avenida;PORONGOCHE;Sheyda Florindez
202;KFC 189 ALAMEDA SJL;LIMA;SAN JUAN DE LURIGANCHO;RESTAURANTE\RESTAURANTE;Avenida;CANTO GRANDE;Yeisll Diaz
203;KFC 190 OPEN PLAZA TRUJILLO;TRUJILLO;TRUJILLO;RESTAURANTE\RESTAURANTE;Avenida;AMERICA;Sheyda Florindez
204;KFC 148 BAYOVAR ;LIMA;SAN JUAN DE LURIGANCHO;RESTAURANTE\RESTAURANTE;Avenida;PROCERES DE LA INDEPENDENCIA;Yeisll Diaz
205;DELOSI CALL CENTER ;LIMA;LIMA;OFICINA ;Avenida;AREQUIPA;Mariaelena Quiroz
206;KFC 188 METRO VENTANILLA;CALLAO;VENTANILLA;RESTAURANTE\RESTAURANTE;Avenida;NESTOR GAMBETA;Mariaelena Quiroz
207;KFC191 MALL AVENTURA SJL FC;LIMA;SAN JUAN DE LURIGANCHO;RESTAURANTE\RESTAURANTE;Avenida;LURIGANCHO;Yeisll Diaz
208;KFC193 MALL AVENTURA SJL IL;LIMA;SAN JUAN DE LURIGANCHO;RESTAURANTE\RESTAURANTE;Avenida;LURIGANCHO;Yeisll Diaz
209;KFC176 MALL PLAZA COMAS;LIMA;COMAS;RESTAURANTE\RESTAURANTE;Avenida;LOS ANGELES;Paola Mija
210;KFC 192 IQUITOS;MAYNAS;IQUITOS;RESTAURANTE\RESTAURANTE;Avenida;CAPITAN JOSE ABELADO QUIÑONES ;Sheyda Florindez
211;KFC166 AVENIDA PERU;LIMA;SAN MARTIN DE PORRES;RESTAURANTE\RESTAURANTE;Avenida;PERU ;Paola Mija
213;SBUX 1 OVALO;LIMA;MIRAFLORES;RESTAURANTE\RESTAURANTE;Avenida;ANDRES SANTA CRUZ;Gabriela Varias
214;SBUX 2 JOCKEY;LIMA;SANTIAGO DE SURCO;RESTAURANTE\RESTAURANTE;Avenida;JAVIER PRADO ESTE;Gabriela Varias
215;SBUX 3 EL POLO;LIMA;SANTIAGO DE SURCO;RESTAURANTE\RESTAURANTE;Avenida;EL POLO ;Gabriela Varias
216;SBUX 4  COUNTRY;LIMA;SAN ISIDRO;RESTAURANTE\RESTAURANTE;Calle;LOS EUCALIPTOS ;Gabriela Varias
217;SBUX 5  MOLINA PLAZA;LIMA;LA MOLINA;RESTAURANTE\RESTAURANTE;Avenida;RAUL FERRERO REBAGLIATI;Gabriela Varias
218;SBUX 6 BEGONIAS;LIMA;SAN ISIDRO;RESTAURANTE\RESTAURANTE;Avenida;LAS BEGONIAS ;Gabriela Varias
219;SBUX 7  LARCO MAR;LIMA;MIRAFLORES;RESTAURANTE\RESTAURANTE;Avenida;MALECON DE LA RESERVA ;Gabriela Varias
220;SBUX 9 BENAVIDES - SURCO;LIMA;SANTIAGO DE SURCO;RESTAURANTE\RESTAURANTE;Avenida;BENAVIDES ALFREDO ;Gabriela Varias
221;SBUX 10, CONQUISTADORES;LIMA;SAN ISIDRO;RESTAURANTE\RESTAURANTE;Avenida;LOS CONQUISTADORES;Gabriela Varias
222;SBUX 11 PARQUE SUR;LIMA;SAN ISIDRO;RESTAURANTE\RESTAURANTE;Avenida;DEL PARQUE SUR;Gabriela Varias
223;SBUX 12 BENAVIDES -  TAIPEI;LIMA;MIRAFLORES;RESTAURANTE\RESTAURANTE;Avenida;ALFREDO BENAVIDES;Gabriela Varias
224;SBUX 13 CHACARILLA;LIMA;SANTIAGO DE SURCO;RESTAURANTE\RESTAURANTE;Jiron;MONTERREY ;Gabriela Varias
225;SBUX 14 MORELLI;LIMA;SAN BORJA;RESTAURANTE\RESTAURANTE;Calle;MORELLI;Gabriela Varias
226;SBUX 15 DIAGONAL;LIMA;MIRAFLORES;RESTAURANTE\RESTAURANTE;Avenida;MARISCAL OSCAR;Gabriela Varias
227;SBUX 16 MONITOR;LIMA;LA MOLINA;RESTAURANTE\RESTAURANTE;Avenida;JAVIER PRADO;Gabriela Varias
228;SBUX 17 SODIMAC;LIMA;SAN MIGUEL;RESTAURANTE\RESTAURANTE;Avenida;LA MARINA ;Gabriela Varias
229;SBUX 19 UPC;LIMA;SANTIAGO DE SURCO;RESTAURANTE\RESTAURANTE;Avenida;PRIMAVERA;Gabriela Varias
230;SBUX 20 LAP;CALLAO;CALLAO;RESTAURANTE\RESTAURANTE;Avenida;ELMER FAUCETT AREOPUERTO JORGE CHAVEZ MEZANINE NORTE;Gabriela Varias
231;SBUX 21 DASSO;LIMA;SAN ISIDRO;RESTAURANTE\RESTAURANTE;Avenida;VICTOR MAURTUA;Gabriela Varias
232;SBUX 22 TRUJILLO;TRUJILLO;TRUJILLO;RESTAURANTE\RESTAURANTE;Avenida;CESAR VALLEJO OESTE;Sheyda Florindez
233;SBUX 23 SAN MIGUEL;LIMA;SAN MIGUEL;RESTAURANTE\RESTAURANTE;Avenida;LA MARINA ;Gabriela Varias
234;SBUX 24 CHICLAYO;CHICLAYO;CHICLAYO;RESTAURANTE\RESTAURANTE;Avenida; MIGUEL DE CERVANTES;Sheyda Florindez
235;SBUX 25 BELLAVISTA;CALLAO;BELLAVISTA;RESTAURANTE\RESTAURANTE;Avenida;OSCAR R. BENAVIDES;Gabriela Varias
236;SBUX 26 MEGA PLAZA;LIMA;INDEPENDENCIA;RESTAURANTE\RESTAURANTE;Avenida;ALFREDO MENDIOLA ;Gabriela Varias
237;SBUX 27 DOS DE MAYO;LIMA;SAN ISIDRO;RESTAURANTE\RESTAURANTE;Avenida;CA.LAS FLORES;Gabriela Varias
238;SBUX 28 CENTRO CIVICO;LIMA;LIMA;RESTAURANTE\RESTAURANTE;Avenida;PASEO DE LA REPUBLICA;Gabriela Varias
239;SBUX 29 OPEN MARSANO;LIMA;SURQUILLO;RESTAURANTE\RESTAURANTE;Avenida;NUEVA TOMAS MARSANO;Gabriela Varias
240;SBUX 30 SUCRE;LIMA;PUEBLO LIBRE;RESTAURANTE\RESTAURANTE;Jiron;ANTONIO JOSE DE SUCRE;Gabriela Varias
241;SBUX 32 MERCADERES;AREQUIPA;AREQUIPA;RESTAURANTE\RESTAURANTE;Avenida;CALLE MERCADERES;Sheyda Florindez
242;SBUX 33 BEGONIAS 2;LIMA;SAN ISIDRO;RESTAURANTE\RESTAURANTE;Avenida;LAS BEGONIAS;Gabriela Varias
243;SBUX 34 CC REAL PLAZA PRIMAVERA;LIMA;SAN BORJA;RESTAURANTE\RESTAURANTE;Avenida;ANGAMOS ESTE ;Gabriela Varias
244;SBUX 35 OPEN PLAZA PIURA;PIURA;PIURA;RESTAURANTE\RESTAURANTE;Avenida;ANDRES A. CACERES;Sheyda Florindez
245;SBUX 36 CHACARILLA 2;LIMA;SANTIAGO DE SURCO;RESTAURANTE\RESTAURANTE;Avenida;VELASCO ASTETE ALEJANDRO;Gabriela Varias
246;SBUX 38 JUAN DE ALIAGA, MAGDALENA;LIMA;MAGDALENA DEL MAR;RESTAURANTE\RESTAURANTE;Avenida;MIROQUESADA ;Gabriela Varias
247;SBUX 39 PEDRO DE OSMA;LIMA;BARRANCO;RESTAURANTE\RESTAURANTE;Avenida;PEDRO DE OSMA;Gabriela Varias
248;SBUX 40 CASA LEURO;LIMA;MIRAFLORES;RESTAURANTE\RESTAURANTE;Avenida;28 DE JULIO;Gabriela Varias
249;SBUX 41 CUSCO;CUSCO;CUSCO;RESTAURANTE\RESTAURANTE;Avenida;LORETO;Sheyda Florindez
250;SBUX 42  REAL ONCE;LIMA;SAN ISIDRO;RESTAURANTE\RESTAURANTE;Avenida;BELAUNDE VICTOR A.;Gabriela Varias
251;SBUX 43 SAGA AREQUIPA;AREQUIPA;CAYMA;RESTAURANTE\RESTAURANTE;Avenida;EJERCITO;Sheyda Florindez
252;SBUX 44 PLAZA LIMA SUR;LIMA;CHORRILLOS;RESTAURANTE\RESTAURANTE;Avenida;PASEO DE LA REPUBLICA;Gabriela Varias
253;SBUX 45 PARDO;LIMA;MIRAFLORES;RESTAURANTE\RESTAURANTE;Avenida;JOSE PARDO;Gabriela Varias
254;SBUX 46 PLAZA LIMA NORTE 2;LIMA;INDEPENDENCIA;RESTAURANTE\RESTAURANTE;Avenida;ALFREDO MENDIOLA ;Gabriela Varias
255;SBUX 47 HOTEL MARRIOTT;LIMA;MIRAFLORES;RESTAURANTE\RESTAURANTE;Avenida;JOSE A. LARCO ;Gabriela Varias
256;SBUX 48 AVENTURA STA. ANITA;LIMA;SANTA ANITA;RESTAURANTE\RESTAURANTE;Avenida;CARRETERA CENTRAL;Gabriela Varias
257;SBUX 49 AVENTURA TRUJILLO;TRUJILLO;TRUJILLO;RESTAURANTE\RESTAURANTE;Avenida;AMERICA OESTE;Sheyda Florindez
258;SBUX 50 SAN BORJA NORTE;LIMA;SAN BORJA;RESTAURANTE\RESTAURANTE;Avenida;BOULEVARD DE SUCO ;Gabriela Varias
259;SBUX 51 MEGA PLAZA CHIMBOTE;SANTA;CHIMBOTE;RESTAURANTE\RESTAURANTE;Avenida;VÍCTOR RAÚL HAYA DE LA TORRE;Sheyda Florindez
260;SBUX 53 STRIP AURORA;LIMA;MIRAFLORES;RESTAURANTE\RESTAURANTE;Calle;JOSÉ SABOGAL;Gabriela Varias
261;SBUX 54 AVENTURA AREQUIPA;AREQUIPA;PAUCARPATA;RESTAURANTE\RESTAURANTE;Avenida;C.C.MALL AVENTURA PLAZA;Sheyda Florindez
262;SBUX 55 CC SAN BORJA MODULO;LIMA;SAN BORJA;RESTAURANTE\RESTAURANTE;Avenida;JAVIER PRADO ESTE;Gabriela Varias
263;SBUX 56 REAL PLAZA HUANCAYO;HUANCAYO;HUANCAYO;RESTAURANTE\RESTAURANTE;Avenida;FERROCARRIL;Sheyda Florindez
264;SBUX 57 CASA WELSCH JR. DE LA UNION;LIMA;LIMA;RESTAURANTE\RESTAURANTE;Jiron;UNION;Gabriela Varias
265;SBUX 58 GREENBUILDING, SAN ISIDRO;LIMA;SAN ISIDRO;RESTAURANTE\RESTAURANTE;Calle;LAS ORQUIDEAS;Gabriela Varias
266;SBUX 59 CÁMARA DE COMERCIO DE LIMA;LIMA;JESUS MARIA;RESTAURANTE\RESTAURANTE;Avenida;GIUSEPPE GARIBALDI - ESQ. HUIRACOCHA N° 2199;Gabriela Varias
267;SBUX 60 REAL PLAZA PIURA;PIURA;PIURA;RESTAURANTE\RESTAURANTE;Avenida;SANCHEZ CERRO ;Sheyda Florindez
268;SBUX 61 CRONOS;LIMA;SANTIAGO DE SURCO;RESTAURANTE\RESTAURANTE;Avenida;EL DERBY;Gabriela Varias
269;SBUX 62 PRIMAVERA;LIMA;SANTIAGO DE SURCO;RESTAURANTE\RESTAURANTE;Avenida;PRIMAVERA;Gabriela Varias
270;SBUX 63 CENTRO CIVICO 2 MODULO;LIMA;LIMA;RESTAURANTE\RESTAURANTE;Avenida;INCA GARCILASO DE LA VEGA;Gabriela Varias
271;SBUX 64 DOS DE MAYO;LIMA;SAN ISIDRO;RESTAURANTE\RESTAURANTE;Avenida;DOS DE MAYO;Gabriela Varias
272;SBUX 65 PASEO LIBERTAD;LIMA;PUEBLO LIBRE;RESTAURANTE\RESTAURANTE;Jiron;PASEO LIBERTAD;Gabriela Varias
273;SBUX 66 AREQUIPA;LIMA;LIMA;RESTAURANTE\RESTAURANTE;Avenida;CABO TEODORO CÁRDENAS ;Gabriela Varias
274;SBUX 67 CC LA FONTANA;LIMA;LA MOLINA;RESTAURANTE\RESTAURANTE;Avenida;LA FONTANA ;Gabriela Varias
275;SBUX 68 CANAVAL Y MOREYRA;LIMA;SAN ISIDRO;RESTAURANTE\RESTAURANTE;Avenida;CANAVAL Y MOREYRA;Gabriela Varias
276;SBUX 69 EL QUINDE, ICA;ICA;ICA;RESTAURANTE\RESTAURANTE;Avenida;LOS MAESTROS ;Sheyda Florindez
277;SBUX 70 BREA Y PARIÑAS;LIMA;SANTIAGO DE SURCO;RESTAURANTE\RESTAURANTE;Avenida;CAMINOS DEL INCA;Gabriela Varias
278;SBUX 71 REAL PLAZA CUZCO;CUSCO;CUSCO;RESTAURANTE\RESTAURANTE;Avenida;COLLASUYO;Sheyda Florindez
279;SBUX 72 STRIP MALL 28 DE JULIO;LIMA;MIRAFLORES;RESTAURANTE\RESTAURANTE;Avenida;28 DE JULIO;Gabriela Varias
280;SBUX 73 REAL PLAZA SALAVERRY;LIMA;JESUS MARIA;RESTAURANTE\RESTAURANTE;Avenida;RESIDENCIAL SALAVERRY;Gabriela Varias
281;SBUX 74 LOPEZ DE AYALA;LIMA;SAN BORJA;RESTAURANTE\RESTAURANTE;Avenida;SAN LUIS ;Gabriela Varias
282;SBUX 75 CASTILLA CON LA CASTELLANA ;LIMA;SANTIAGO DE SURCO;RESTAURANTE\RESTAURANTE;Avenida;PASEO DE LA CASTELLANA;Gabriela Varias
283;SBUX 76 REAL PLAZA CAJAMARCA;CAJAMARCA;CAJAMARCA;RESTAURANTE\RESTAURANTE;Avenida;VIA DE EVITAMIENTO NORTE ;Sheyda Florindez
284;SBUX 77 PASO CAMINO DEL INCA;LIMA;SANTIAGO DE SURCO;RESTAURANTE\RESTAURANTE;Avenida;CAMINOS DEL INCA;Gabriela Varias
285;SBUX 78 LA RAMBLA;LIMA;BREÑA;RESTAURANTE\RESTAURANTE;Avenida;BRASIL;Gabriela Varias
286;SBUX 79 TARATA ;LIMA;MIRAFLORES;RESTAURANTE\RESTAURANTE;Avenida;JOSE LARCO;Gabriela Varias
287;SBUX 80 C.C. MALL DEL SUR 1;LIMA;SAN JUAN DE MIRAFLORES;RESTAURANTE\RESTAURANTE;Avenida;PEDRO MIOTA ;Gabriela Varias
288;SBUX 81 UNIV. DE LIMA;LIMA;SANTIAGO DE SURCO;RESTAURANTE\RESTAURANTE;Avenida;CAMPUS UNIVERSIDAD DE LIMA;Gabriela Varias
289;SBUX 82 GARZON ;LIMA;JESUS MARIA;RESTAURANTE\RESTAURANTE;Avenida;GENERAL GARZÓN;Gabriela Varias
290;SBUX 83 LA MOLINA;LIMA;LA MOLINA;RESTAURANTE\RESTAURANTE;Calle;CALLE 7;Gabriela Varias
291;SBUX 84 MEGA PLAZA 2;LIMA;INDEPENDENCIA;RESTAURANTE\RESTAURANTE;Avenida;ALFREDO MENDIOLA;Gabriela Varias
292;SBUX 85 UPC SAN ISIDRO ;LIMA;SAN ISIDRO;RESTAURANTE\RESTAURANTE;Avenida;GRAL. FELIPE SALAVERRY;Gabriela Varias
293;SBUX 87 PLAZA VEA BOLICHERA;LIMA;SANTIAGO DE SURCO;RESTAURANTE\RESTAURANTE;Avenida;LOS PRÓCERES ;Gabriela Varias
294;SBUX 88 OP HUANCAYO;HUANCAYO;HUANCAYO;RESTAURANTE\RESTAURANTE;Avenida;FERROCARRIL;Sheyda Florindez
295;SBUX 89 RP AREQUIPA;AREQUIPA;CAYMA;RESTAURANTE\RESTAURANTE;Avenida;EJERCITO;Sheyda Florindez
296;SBUX 90 MINKA;CALLAO;CALLAO;RESTAURANTE\RESTAURANTE;Avenida;ARGENTINA;Gabriela Varias
297;SBUX 91 KIO;LIMA;LURIN;RESTAURANTE\RESTAURANTE;Avenida;FRENTE A LA CARRETERA PANAMERICANA SUR;Gabriela Varias
298;SBUX 92 MALL DEL SUR 2;LIMA;SAN JUAN DE MIRAFLORES;RESTAURANTE\RESTAURANTE;Avenida;PEDRO MIOTA;Gabriela Varias
299;SBUX 93 VILLA MARÍA DEL TRIUNFO;LIMA;VILLA MARIA DEL TRIUNFO;RESTAURANTE\RESTAURANTE;Avenida;PACHACUTEC ;Gabriela Varias
300;SBUX 94 MATELLINI;LIMA;CHORRILLOS;RESTAURANTE\RESTAURANTE;Avenida;PROLONGACIÓN PASEO DE LA REPÚBLICA ;Gabriela Varias
301;SBUX 95 PLAZA SOL DE ICA ;ICA;ICA;RESTAURANTE\RESTAURANTE;Avenida;SAN MARTÍN;Sheyda Florindez
302;SBUX 97 OVALO BOLOGNESI  ;LIMA;MIRAFLORES;RESTAURANTE\RESTAURANTE;Avenida;JIRÓN BOLOGNESI;Gabriela Varias
303;SBUX 98 CLINICA INTERNACIONAL SAN BORJA;LIMA;SAN BORJA;RESTAURANTE\RESTAURANTE;Avenida;GUARDIA CIVIL;Gabriela Varias
304;SBUX 99 PEDRO VENTURO ;LIMA;SANTIAGO DE SURCO;RESTAURANTE\RESTAURANTE;Avenida;PEDRO VENTURO ;Gabriela Varias
305;SBUX 100 UPC VILLA ;LIMA;CHORRILLOS;RESTAURANTE\RESTAURANTE;Avenida;ALAMEDA SAN MARCOS;Gabriela Varias
306;SBUX 105 LA MAR;LIMA;MIRAFLORES;RESTAURANTE\RESTAURANTE;Avenida;MARISCAL LA MAR;Gabriela Varias
307;SBUX 101 ATOCONGO;LIMA;SAN JUAN DE MIRAFLORES;RESTAURANTE\RESTAURANTE;Avenida;CIRCUNVALACION;Gabriela Varias
308;SBUX 103 LAP2 AEROPUERTO;CALLAO;CALLAO;RESTAURANTE\RESTAURANTE;Avenida;AEROPUERTO JORGE CHAVEZ AREA ESPIGON NACIONAL;Gabriela Varias
309;SBUX 106 METRO CANADA;LIMA;LA VICTORIA;RESTAURANTE\RESTAURANTE;Avenida;CANADÁ;Gabriela Varias
310;SBUX 107 CLINICA DELGADO;LIMA;MIRAFLORES;RESTAURANTE\RESTAURANTE;Avenida;ANGAMOS OESTE;Gabriela Varias
311;SBUX 108 PLAZA LIMA NORTE 2;LIMA;INDEPENDENCIA;RESTAURANTE\RESTAURANTE;Avenida;ALFREDO MENDIOLA;Gabriela Varias
312;SBUX 109 JOCKEY PLAZA 2;LIMA;SANTIAGO DE SURCO;RESTAURANTE\RESTAURANTE;Avenida;JAVIER PRADO ESTE ;Gabriela Varias
313;SBUX 110 JACARANDA;LIMA;SANTIAGO DE SURCO;RESTAURANTE\RESTAURANTE;Avenida;JACARANDA;Gabriela Varias
314;SBUX 111 PATIO PANORAMA;LIMA;SANTIAGO DE SURCO;RESTAURANTE\RESTAURANTE;Avenida;CIRCUNVALACIÓN DEL CLUB GOLF LOS INCAS ;Gabriela Varias
315;SBUX 112 PURUCHUCO 1;LIMA;ATE;RESTAURANTE\RESTAURANTE;Avenida;NICOLAS AYLLON;Gabriela Varias
316;SBUX 113 PURUCHUCO 2;LIMA;ATE;RESTAURANTE\RESTAURANTE;Avenida;NICOLAS AYLLON ;Gabriela Varias
317;SBUX 115 RIPLEY JOCKEY;LIMA;SANTIAGO DE SURCO;RESTAURANTE\RESTAURANTE;Avenida;JAVIER PRADO ESTE;Gabriela Varias
318;SBUX 116 AAP AQP - AREQUIPA;AREQUIPA;CERRO COLORADO;RESTAURANTE\RESTAURANTE;Avenida;AEROPUERTO INTERNACIONAL TNTE. FAP “ALFREDO RODRÍGUEZ BALLÓN”;Sheyda Florindez
319;SBUX 119 MALL AVENTURA CHICLAYO;CHICLAYO;CHICLAYO;RESTAURANTE\RESTAURANTE;Avenida;PANAMERICANA;Sheyda Florindez
320;SBUX 118 WONG SAN MIGUEL ;LIMA;SAN MIGUEL;RESTAURANTE\RESTAURANTE;Avenida;LA MARINA ;Gabriela Varias
321;SBUX 122 WONG MIRAFLORES;LIMA;MIRAFLORES;RESTAURANTE\RESTAURANTE;Avenida;ALFREDO BENAVIDES;Gabriela Varias
325;SBUX 121 MALL PLAZA COMAS;LIMA;COMAS;RESTAURANTE\RESTAURANTE;Avenida;LOS ANGELES;Gabriela Varias
326;SBUX CLÍNICA SAN FELIPE;LIMA;JESUS MARIA;RESTAURANTE\RESTAURANTE;Avenida;GREGORIO ESCOBEDO;Gabriela Varias
327;SBUX123 CAMACHO;LIMA;LA MOLINA;RESTAURANTE\RESTAURANTE;Avenida;LOS FRUTALES;Gabriela Varias
328;SB126 KIOSKO CENCOSUD;LIMA;LA MOLINA;RESTAURANTE\RESTAURANTE;Avenida;RAUL FERRERO  ;Gabriela Varias
329;SBUX128 PISO 3 MA SJL;LIMA;SAN JUAN DE MIRAFLORES;RESTAURANTE\RESTAURANTE;Avenida;LURIGANCHO;Gabriela Varias
330;SBUX127 PISO 2 MA SJL;LIMA;SAN JUAN DE LURIGANCHO;RESTAURANTE\RESTAURANTE;Avenida;LURIGANCHO;Gabriela Varias
331;SBUX132 JULIACA ;SAN ROMAN;JULIACA;CAFETERÍA\CAFETERÍA;Jiron;TUMBES  ;Sheyda Florindez
332;SB133 EJERCITO;LIMA;SAN ISIDRO;RESTAURANTE\RESTAURANTE;Avenida;AUGUSTO PEREZ ANIBAL ;Gabriela Varias
333;STARBUCKS 125 TORRE DEL PARQUE;LIMA;SAN ISIDRO;RESTAURANTE\RESTAURANTE;Calle;LAS BEGONIAS;Gabriela Varias
334;STARBUCKS 135 PLACITA VES;LIMA;VILLA EL SALVADOR;RESTAURANTE\RESTAURANTE;Sin tipo;PARQUE INDUSTRIAL;Gabriela Varias
335;MT 01 AV. SANTA CRUZ;LIMA;MIRAFLORES;RESTAURANTE\RESTAURANTE;Avenida;SANTA CRUZ ;Sara Cordero
336;MT 03 C.C. SALAVERRY;LIMA;JESUS MARIA;RESTAURANTE\RESTAURANTE;Avenida;GENERAL FELIPE SALAVERRY;Sara Cordero
337;MT 02 C.C. EL PASO 28 DE JULIO;LIMA;MIRAFLORES;RESTAURANTE\RESTAURANTE;Avenida;28 DE JULIO ;Sara Cordero
338;MT 04 SAN BORJA;LIMA;SAN BORJA;RESTAURANTE\RESTAURANTE;Avenida;CALLE MORELLI;Sara Cordero
339;MT 05 CHACARILLA ;LIMA;SAN BORJA;RESTAURANTE\RESTAURANTE;Avenida;CALLE MATAMOROS;Sara Cordero
340;MT 06 SAN MIGUEL;LIMA;SAN MIGUEL;RESTAURANTE\RESTAURANTE;Calle; MANTARO CDRA 3;Sara Cordero
341;MT 08 C.C. JOCKEY PLAZA;LIMA;SANTIAGO DE SURCO;RESTAURANTE\RESTAURANTE;Avenida;JAVIER PRADO ESTE ;Sara Cordero
342;MT 09 PURUCHUCO ATE VITARTE;LIMA;ATE;RESTAURANTE\RESTAURANTE;Avenida;NICOLAS AYLLON;Sara Cordero
343;MT 07 MEGA PLAZA;LIMA;INDEPENDENCIA;RESTAURANTE\RESTAURANTE;Avenida;ALFREDO MENDIOLA;Sara Cordero
344;MT11 GARDENIAS;LIMA;SANTIAGO DE SURCO;RESTAURANTE\RESTAURANTE;Avenida;ALFREDO BENAVIDES ;Sara Cordero
345;MT12 DP DOS DE MAYO;LIMA;SAN ISIDRO;RESTAURANTE\RESTAURANTE;Avenida;DOS DE MAYO;Sara Cordero
346;MT13 SUCRE;LIMA;PUEBLO LIBRE;RESTAURANTE\RESTAURANTE;Avenida;JR. PASEO LIBERTAD;Katherine Gutierrez
350;MT016 PLAZA NORTE;LIMA;INDEPENDENCIA;RESTAURANTE\RESTAURANTE;Avenida;ALFREDO MENDIOLA;Sara Cordero
351;WANTA MALL DEL SUR;LIMA;SAN JUAN DE MIRAFLORES;RESTAURANTE\RESTAURANTE;Avenida;LOS LIRIOS;Sara Cordero
352;WANTA 02 MA SJL;LIMA;SAN JUAN DE LURIGANCHO;RESTAURANTE\RESTAURANTE;Avenida;LURIGANCHO;Sara Cordero
353;PB 1 OVALO GUTIERREZ ;LIMA;MIRAFLORES;RESTAURANTE\RESTAURANTE;Avenida;SANTA CRUZ;Gabriela Varias
354;PB 3 DIAGONAL ;LIMA;MIRAFLORES;RESTAURANTE\RESTAURANTE;Avenida;MCAL. OSCAR R. BENAVIDES;Gabriela Varias
355;PB 4 CC JOCKEY PLAZA ;LIMA;SANTIAGO DE SURCO;RESTAURANTE\RESTAURANTE;Avenida;JAVIER PRADO ESTE;Gabriela Varias
356;PB 7 EL POLO;LIMA;SANTIAGO DE SURCO;RESTAURANTE\RESTAURANTE;Avenida;EL POLO;Gabriela Varias
357;PB 5 OPEN PLAZA ANGAMOS;LIMA;SURQUILLO;RESTAURANTE\RESTAURANTE;Avenida;NUEVA TOMAS MARSANO;Gabriela Varias
358;PB 6 CC REAL PLAZA PRIMAVERA;LIMA;SAN BORJA;RESTAURANTE\RESTAURANTE;Avenida;ANGAMOS ESTE ( C.C. REAL PLAZA PRIMAVERA);Gabriela Varias
359;PB 8 CENTRO CIVICO;LIMA;LIMA;RESTAURANTE\RESTAURANTE;Avenida;INCA GARCILAZO DE LA VEGA;Gabriela Varias
360;PB 9 MEGA PLAZA;LIMA;INDEPENDENCIA;RESTAURANTE\RESTAURANTE;Avenida;ALFREDO MENDIOLA ;Gabriela Varias
361;PB 11 AVENTURA STA. ANITA;LIMA;SANTA ANITA;RESTAURANTE\RESTAURANTE;Avenida;CARRETERA CENTRAL;Gabriela Varias
362;PB 12 AVENTURA TRUJILLO;TRUJILLO;TRUJILLO;RESTAURANTE\RESTAURANTE;Avenida;AMERICA OESTE;Sheyda Florindez
363;PB 13 CC SAN BORJA;LIMA;SAN BORJA;RESTAURANTE\RESTAURANTE;Avenida;JAVIER PRADO ESTE ;Gabriela Varias
364;PB 15 PZA. LIMA NORTE;LIMA;INDEPENDENCIA;RESTAURANTE\RESTAURANTE;Avenida;ALFREDO MENDIOLA;Gabriela Varias
365;PB 16 REAL PZA. PIURA;PIURA;PIURA;RESTAURANTE\RESTAURANTE;Avenida;SANCHEZ CERRO;Sheyda Florindez
366;PB 17 CC LARCOMAR;LIMA;MIRAFLORES;RESTAURANTE\RESTAURANTE;Avenida;LARCOMAR, MALECÓN DE LA RESERVA ;Gabriela Varias
367;PB 18 BREA Y PARIÑAS;LIMA;SANTIAGO DE SURCO;RESTAURANTE\RESTAURANTE;Avenida;CAMINOS DEL INCA ;Gabriela Varias
368;PB 20 REAL PZA. CUSCO;CUSCO;CUSCO;RESTAURANTE\RESTAURANTE;Avenida;AVENIDA COLLASUYO ;Sheyda Florindez
369;PB 19 SALAVERRY;LIMA;JESUS MARIA;RESTAURANTE\RESTAURANTE;Avenida;GRAL. FELIPE SALAVERRY;Gabriela Varias
370;PB 23 PLAZA SAN MIGUEL;LIMA;SAN MIGUEL;RESTAURANTE\RESTAURANTE;Avenida;LA MARINA;Gabriela Varias
371;PB 24 MALL DEL SUR ;LIMA;SAN JUAN DE MIRAFLORES;RESTAURANTE\RESTAURANTE;Avenida;PEDRO MIOTA;Gabriela Varias
372;PB25 PURUCHUCO;LIMA;ATE;RESTAURANTE\RESTAURANTE;Avenida;NICOLAS AYLLÓN;Gabriela Varias
373;BK 2 LARCO;LIMA;MIRAFLORES;RESTAURANTE\RESTAURANTE;Avenida;JOSE A. LARCO ;Ereni Valdivia
374;BK 7 PEZET;LIMA;SAN ISIDRO;RESTAURANTE\RESTAURANTE;Avenida;GRAL. JUAN ANTONIO PEZET;Ereni Valdivia
375;BK 8 C.C. MOLINA PLAZA;LIMA;LA MOLINA;RESTAURANTE\RESTAURANTE;Avenida;RAÚL FERRERO REBAGLIATI;Ereni Valdivia
376;BK 10 C.C. JOCKEY PLAZA FC;LIMA;SANTIAGO DE SURCO;RESTAURANTE\RESTAURANTE;Avenida;AV JAVIER PARDO ESTE;Ereni Valdivia
377;BK 12 SAGA FALABELLA FC;LIMA;SAN ISIDRO;RESTAURANTE\RESTAURANTE;Avenida;LAS BEGONIAS;Ereni Valdivia
378;BK 14 C.C. REAL PLAZA PRIMAVERA;LIMA;SAN BORJA;RESTAURANTE\RESTAURANTE;Avenida;ANGAMOS ESTE;Ereni Valdivia
379;BK 15 C.C. LARCO MAR;LIMA;MIRAFLORES;RESTAURANTE\RESTAURANTE;Avenida;MALECON DE LA RESERVA;Ereni Valdivia
380;BK 17 C.C. MEGA PLAZA INDEP.;LIMA;INDEPENDENCIA;RESTAURANTE\RESTAURANTE;Avenida;ALFREDO MENDIOLA ;Ereni Valdivia
381;BK 18 C.C. PLAZA LIMA SUR;LIMA;CHORRILLOS;RESTAURANTE\RESTAURANTE;Avenida;PRLG. PASEO DE LA REPUBLICA;Ereni Valdivia
382;BK 22 HUANCAYO;HUANCAYO;HUANCAYO;RESTAURANTE\RESTAURANTE;Avenida;FERROCARRIL;Sheyda Florindez
383;BK 24 C.C. CENTRO CIVICO;LIMA;LIMA;RESTAURANTE\RESTAURANTE;Avenida;INCA GARCILAZO DE LA VEGA;Ereni Valdivia
384;BK 25 SOL DE ICA;ICA;ICA;RESTAURANTE\RESTAURANTE;Avenida;SAN MARTIN;Sheyda Florindez
385;BK 26 OPEN PLAZA MARSANO;LIMA;SURQUILLO;RESTAURANTE\RESTAURANTE;Avenida;NUEVA TOMAS MARSANO;Ereni Valdivia
386;BK 27 KIOSKO ICA;ICA;ICA;RESTAURANTE\RESTAURANTE;Plaza;SAN MARTIN ;Sheyda Florindez
387;BK 28 KIOSKO MARSANO;LIMA;SURQUILLO;RESTAURANTE\RESTAURANTE;Avenida;NUEVA TOMAS MARSANO;Ereni Valdivia
388;BK 31 MERCADERES;AREQUIPA;AREQUIPA;RESTAURANTE\RESTAURANTE;Avenida;CALLE MERCADERES;Sheyda Florindez
389;BK 32 PIURA;PIURA;CASTILLA;RESTAURANTE\RESTAURANTE;Avenida;CACERES;Sheyda Florindez
390;BK 33 KIOSKO PIURA;PIURA;CASTILLA;RESTAURANTE\RESTAURANTE;Avenida;AVELINO CACERES;Sheyda Florindez
391;BK 35 KIOSKO CC CENTRO CIVICO;LIMA;LIMA;RESTAURANTE\RESTAURANTE;Avenida;INCA GARCILAZO DE LA VEGA;Ereni Valdivia
392;BK 38 KIOSKO HUANCAYO;HUANCAYO;HUANCAYO;RESTAURANTE\RESTAURANTE;Avenida;FERROCARRIL;Sheyda Florindez
393;BK 39 CAMACHO GRIFO REPSOL;LIMA;LA MOLINA;RESTAURANTE\RESTAURANTE;Avenida;LOS FRUTALES;Ereni Valdivia
394;BK 40 ROYAL PLAZA;LIMA;INDEPENDENCIA;RESTAURANTE\RESTAURANTE;Avenida;CARLOS IZAGUIRRE;Ereni Valdivia
395;BK 41 KIOSKO REAL PLAZA PRIMAVERA;LIMA;SAN BORJA;RESTAURANTE\RESTAURANTE;Avenida;ANGAMOS ESTE;Ereni Valdivia
396;BK 42 KIOSKO MERCADERES;AREQUIPA;AREQUIPA;RESTAURANTE\RESTAURANTE;Calle;MERCADERES;Sheyda Florindez
397;BK 44 KIOSKO MEGA PLAZA;LIMA;INDEPENDENCIA;RESTAURANTE\RESTAURANTE;Avenida;ALFREDO MENDIOLA;Ereni Valdivia
398;BK 45 KIOSKO TOTTUS JOCKEY PLAZA;LIMA;SANTIAGO DE SURCO;RESTAURANTE\RESTAURANTE;Avenida;JAVIER PRADO ESTE ;Ereni Valdivia
399;BK 48 LA MERCED;LIMA;MIRAFLORES;RESTAURANTE\RESTAURANTE;Avenida;ALFREDO BENAVIDES;Ereni Valdivia
400;BK 49 CAVENECIA;LIMA;MIRAFLORES;RESTAURANTE\RESTAURANTE;Avenida;EMILIO CAVENECIA;Ereni Valdivia
401;BK 51 AVENTURA PLAZA STA. ANITA;LIMA;SANTA ANITA;RESTAURANTE\RESTAURANTE;Avenida;CARRETERA CENTRAL ;Ereni Valdivia
402;BK52 MEGA PLAZA CHIMBOTE;SANTA;CHIMBOTE;RESTAURANTE\RESTAURANTE;Alameda;VÍCTOR RAÚL HAYA DE LA TORRE;Sheyda Florindez
403;BK 54 CC SAN BORJA FOOD COURT;LIMA;SAN BORJA;RESTAURANTE\RESTAURANTE;Avenida;CARPACCIO;Ereni Valdivia
404;BK 56 KIOSKO MEGA PLAZA CHIMBOTE;SANTA;CHIMBOTE;RESTAURANTE\RESTAURANTE;Avenida;V.R.H. DE LA TORRE;Sheyda Florindez
405;BK 55 KIOSKO CC LA RAMBLA;LIMA;SAN BORJA;RESTAURANTE\RESTAURANTE;Avenida;CARPACCIO ;Ereni Valdivia
406;BK 57 REPSOL PRECURSORES;LIMA;SANTIAGO DE SURCO;RESTAURANTE\RESTAURANTE;Avenida;PRIMAVERA;Ereni Valdivia
407;BK 58 PLAZA LIMA NORTE;LIMA;INDEPENDENCIA;RESTAURANTE\RESTAURANTE;Avenida;ALFREDO MENDIOLA;Ereni Valdivia
408;BK 59 CHACARILLA - BREA Y PARIÑAS;LIMA;SANTIAGO DE SURCO;RESTAURANTE\RESTAURANTE;Avenida;CAMINOS DEL INCA ;Ereni Valdivia
409;BK 60 REAL PZA. CUSCO;CUSCO;CUSCO;RESTAURANTE\RESTAURANTE;Avenida;COLLASUYO;Sheyda Florindez
410;BK 61 KIOSCO PZA. LIMA NORTE;LIMA;INDEPENDENCIA;RESTAURANTE\RESTAURANTE;Avenida;ALFREDO MENDIOLA;Ereni Valdivia
411;BK 62 KIOSCO REAL PZA. PIURA;PIURA;PIURA;RESTAURANTE\RESTAURANTE;Avenida;SANCHEZ CERRO;Sheyda Florindez
412;BK 63 KIOSKO C.C. REAL PLAZA CUSCO;CUSCO;CUSCO;RESTAURANTE\RESTAURANTE;Avenida;COLLASUYO;Sheyda Florindez
413;BK 64 C.C. SALAVERRY;LIMA;JESUS MARIA;RESTAURANTE\RESTAURANTE;Avenida;GRAL. FELIPE SALAVERRY;Ereni Valdivia
414;BK 65 KIOSKO PLAZA LIMA SUR;LIMA;CHORRILLOS;RESTAURANTE\RESTAURANTE;Avenida;PROL.PASEO D LA REPUBLICA;Ereni Valdivia
415;BK 66 C.C. LA RAMBLA BREÑA;LIMA;BREÑA;RESTAURANTE\RESTAURANTE;Avenida;BRASIL;Ereni Valdivia
416;BK 67 KIOSKO RAMBLA BRASIL;LIMA;BREÑA;RESTAURANTE\RESTAURANTE;Avenida;BRASIL;Ereni Valdivia
417;BK 70 MALL DEL SUR ;LIMA;SAN JUAN DE MIRAFLORES;RESTAURANTE\RESTAURANTE;Avenida;PEDRO MIOTA ;Ereni Valdivia
418;BK 71 KIOSKO MALL DEL SUR;LIMA;SAN JUAN DE MIRAFLORES;RESTAURANTE\RESTAURANTE;Avenida;PEDRO MIOTA ;Ereni Valdivia
419;BK 72 GARDENIAS;LIMA;SANTIAGO DE SURCO;RESTAURANTE\RESTAURANTE;Avenida;ALFREDO BENAVIDES;Ereni Valdivia
420;BK 73 TRUJILLO;TRUJILLO;TRUJILLO;RESTAURANTE\RESTAURANTE;Avenida;FÁTIMA;Sheyda Florindez
421;BK 75 PURUCHUCO;LIMA;ATE;RESTAURANTE\RESTAURANTE;Avenida;NICOLAS AYLLON;Ereni Valdivia
422;BK76 KIOSKO PURUCHUCO;LIMA;ATE;RESTAURANTE\RESTAURANTE;Avenida;NICOLAS AYLLON;Ereni Valdivia
423;BK78 VMT;LIMA;VILLA MARIA DEL TRIUNFO;RESTAURANTE\RESTAURANTE;Avenida;PACHACUTEC;Ereni Valdivia
424;BK81 PSM - PLAZA SAN MIGUEL;LIMA;SAN MIGUEL;RESTAURANTE\RESTAURANTE;Avenida;CENTRO COMERCIAL PLAZA SAN MIGUEL, LA MARINA CON UNIVERSITARIA;Ereni Valdivia
425;BK 82 PURUCHUCO;LIMA;ATE;RESTAURANTE\RESTAURANTE;Avenida;NICOLAS AYLLON;Ereni Valdivia
426;BK84 MPC - MALL PLAZA COMAS;LIMA;COMAS;RESTAURANTE\RESTAURANTE;Avenida;LOS ÁNGELES;Ereni Valdivia
427;BK 85 MALL AVENTURA CHICLAYO;CHICLAYO;CHICLAYO;RESTAURANTE\RESTAURANTE;Avenida;PANAMERICANA ;Sheyda Florindez
428;BK 86 KIOSKO MALL AVENTURA CHICLAYO;CHICLAYO;CHICLAYO;RESTAURANTE\RESTAURANTE;Avenida;PANAMERICANA;Sheyda Florindez
432;BK79 KIOSKO VMT;LIMA;VILLA MARIA DEL TRIUNFO;RESTAURANTE\RESTAURANTE;Avenida;PACHACUTEC;Ereni Valdivia
433;BK90 MALL AVENTURA SJL FC;LIMA;SAN JUAN DE LURIGANCHO;RESTAURANTE\RESTAURANTE;Avenida;LURIGANCHO;Ereni Valdivia
434;TP_02 - C.C. MEGA PLAZA CAÑETE;CAÑETE;SAN VICENTE DE CAÑETE;RESTAURANTE\RESTAURANTE;Avenida;MRCAL OSCAR BENAVIDES;Sheyda Florindez
435;TP_03 - C.C. MEGA PLAZA CHINCHA;CHINCHA;CHINCHA ALTA;RESTAURANTE\RESTAURANTE;Sin tipo;MARISCAL BENAVIDES ;Sheyda Florindez
436;TP_04 MEGAPLAZA VILLA CHORRILLOS;LIMA;CHORRILLOS;RESTAURANTE\RESTAURANTE;Alameda;SUR ESQ AV SAN MARCOS;Katherine Gutierrez
437;TP_05 - C.C. LA RAMBLA BRASIL;LIMA;BREÑA;RESTAURANTE\RESTAURANTE;Avenida;BRASIL;Mariaelena Quiroz
438;TP_06 - PLAZAVEA VENTANILLA ;CALLAO;VENTANILLA;RESTAURANTE\RESTAURANTE;Avenida;AV. NESTOR GAMBETA;Mariaelena Quiroz
439;TP_08 RP CAJAMARCA;CAJAMARCA;CAJAMARCA;RESTAURANTE\RESTAURANTE;Avenida;EVITAMIENTO NORTE;Sheyda Florindez
440;TP_12 TOTTUS CAMPOY;LIMA;SAN JUAN DE LURIGANCHO;RESTAURANTE\RESTAURANTE;Sin tipo;MALECON CHECA ;Yeisll Diaz
441;TP_14 PUENTE PIEDRA;LIMA;PUENTE PIEDRA;RESTAURANTE\RESTAURANTE;Avenida;SAENZ PEÑA;Paola Mija
442;TP_17 PLAZA VEA LURIN;LIMA;LURIN;RESTAURANTE\RESTAURANTE;Avenida;ANTIGUA PANAMERICANA SUR;Yeisll Diaz
443;TP 20 METRO FAUCETT;LIMA;SAN MIGUEL;RESTAURANTE\RESTAURANTE;Avenida;REPUBLICA DE VENEZUELA;Mariaelena Quiroz
444;TP_21 REAL PLAZA CHORRILLOS;LIMA;CHORRILLOS;RESTAURANTE\RESTAURANTE;Avenida;GUARDIA CIVIL;Katherine Gutierrez
445;TP_15 RP SANTA CLARA;LIMA;ATE;RESTAURANTE\RESTAURANTE;Avenida;NICOLÁS AYLLÓN ;Yeisll Diaz
446;TELD1 PEDRO VENTURO;LIMA;SANTIAGO DE SURCO;RESTAURANTE\RESTAURANTE;Avenida;PEDRO VENTURO;Yeisll Diaz
447;TELD2 CRUCETAS;LIMA;SANTIAGO DE SURCO;RESTAURANTE\RESTAURANTE;Avenida;GUARDIA CIVIL NORTE;Yeisll Diaz
448;TELD3 CONTISUYO;LIMA;SAN MIGUEL;RESTAURANTE\RESTAURANTE;Avenida;ELMER FAUCETT;Mariaelena Quiroz
449;TELD 4 PRIMAVERA;LIMA;SANTIAGO DE SURCO;RESTAURANTE\RESTAURANTE;Avenida;PRIMAVERA;Yeisll Diaz
450;TELD 6 AVIACIÓN ;LIMA;SAN BORJA;RESTAURANTE\RESTAURANTE;Avenida;AVIACION;Yeisll Diaz
451;TELD 8 FAUCETT;CALLAO;CALLAO;RESTAURANTE\RESTAURANTE;Avenida;ELMER FAUCETT;Mariaelena Quiroz
452;TELD 10 JUAN DE ALIAGA;LIMA;MAGDALENA DEL MAR;RESTAURANTE\RESTAURANTE;Avenida;MIROQUESADA;Mariaelena Quiroz
453;TELD 11 AV. UNIVERSITARIA;LIMA;SAN MIGUEL;RESTAURANTE\RESTAURANTE;Avenida;UNIVERSITARIA;Mariaelena Quiroz
454;TELD 12 ARAMBURU;LIMA;SURQUILLO;RESTAURANTE\RESTAURANTE;Avenida;ARAMBURU ANDRES;Yeisll Diaz
455;TELD 13  BOLIVAR /GRIFO ABA SINGER;LIMA;PUEBLO LIBRE;RESTAURANTE\RESTAURANTE;Avenida;SIMON BOLIVAR;Katherine Gutierrez
456;TELD 14 LA MERCED;LIMA;MIRAFLORES;RESTAURANTE\RESTAURANTE;Avenida;ALFREDO BENAVIDES;Katherine Gutierrez
457;TELD 15 OVALO LARCO, TRUJILLO;TRUJILLO;TRUJILLO;RESTAURANTE\RESTAURANTE;Avenida;VICTOR LARCO ;Sheyda Florindez
458;TELD 16 MALAGUEÑA;LIMA;SAN LUIS;RESTAURANTE\RESTAURANTE;Avenida;CANADÁ;Yeisll Diaz
459;TELD 18 TOTTUS GUIPOR;LIMA;LOS OLIVOS;RESTAURANTE\RESTAURANTE;Avenida;MENDIOLA, ALFREDO ;Paola Mija
460;TELD 19 CHORRILLOS;LIMA;CHORRILLOS;RESTAURANTE\RESTAURANTE;Avenida;DEFENSORES DEL MORRO;Katherine Gutierrez
461;TELD 20 ANTUNEZ DE MAYOLO;LIMA;LOS OLIVOS;RESTAURANTE\RESTAURANTE;Avenida;SANTIA. ANTUNEZ DE MAYOLO ;Paola Mija
462;TELD 22 AREQUIPA;LIMA;LIMA;RESTAURANTE\RESTAURANTE;Jiron;CABO TEODORO CÁRDENAS;Yeisll Diaz
463;TELD 24 LA MOLINA;LIMA;LA MOLINA;RESTAURANTE\RESTAURANTE;Avenida;7;Mariaelena Quiroz
464;TELD 025 VENEZUELA;LIMA;BREÑA;RESTAURANTE\RESTAURANTE;Avenida;VENEZUELA;Mariaelena Quiroz
465;TELD 26 SAN JUAN ;LIMA;SAN JUAN DE MIRAFLORES;RESTAURANTE\RESTAURANTE;Sin tipo;SAN JUAN;Yeisll Diaz
466;TELD 27 TOMAS VALLE;CALLAO;CALLAO;RESTAURANTE\RESTAURANTE;Avenida;TOMÁS VALLE ;Mariaelena Quiroz
467;TELD 28 SAN CARLOS;LIMA;SAN JUAN DE LURIGANCHO;RESTAURANTE\RESTAURANTE;Avenida;SAN CARLOS ;Yeisll Diaz
468;TELD 29 JARDINES;LIMA;SAN JUAN DE LURIGANCHO;RESTAURANTE\RESTAURANTE;Avenida;PROCERES DE LA INDEPENDENCIA;Yeisll Diaz
469;TEL PD30 RP PURUCHUCO;LIMA;ATE;RESTAURANTE\RESTAURANTE;Avenida;NICOLAS AYLLON;Yeisll Diaz
470;TEL 1 ESPINAR ;LIMA;MIRAFLORES;RESTAURANTE\RESTAURANTE;Calle;2 DE MAYO;Katherine Gutierrez
471;TEL 2 BENAVIDES;LIMA;SANTIAGO DE SURCO;RESTAURANTE\RESTAURANTE;Calle;ALDABAS ;Yeisll Diaz
472;TEL 3 CAMACHO;LIMA;LA MOLINA;RESTAURANTE\RESTAURANTE;Avenida;JAVIER PRADO ESTE;Mariaelena Quiroz
473;TEL 5 LIMA;LIMA;LIMA;RESTAURANTE\RESTAURANTE;Avenida;NICOLAS DE PIEROLA;Yeisll Diaz
474;TEL 6 SAN MIGUEL;LIMA;SAN MIGUEL;RESTAURANTE\RESTAURANTE;Avenida;LA MARINA;Mariaelena Quiroz
475;TEL 7 SAN ISIDRO;LIMA;SAN ISIDRO;RESTAURANTE\RESTAURANTE;Avenida;DOS DE MAYO;Yeisll Diaz
476;TEL 9 LA MOLINA;LIMA;LA MOLINA;RESTAURANTE\RESTAURANTE;Avenida;RAÚL FERRERO ;Mariaelena Quiroz
477;TEL 12 CANADÁ;LIMA;LA VICTORIA;RESTAURANTE\RESTAURANTE;Avenida;CANADA;Yeisll Diaz
478;TEL 13 SUCRE;LIMA;PUEBLO LIBRE;RESTAURANTE\RESTAURANTE;Avenida;BOLIVAR;Katherine Gutierrez
479;TEL 14 JOCKEY PLAZA;LIMA;SANTIAGO DE SURCO;RESTAURANTE\RESTAURANTE;Avenida;JAVIER PRADO ESTE ;Yeisll Diaz
480;TEL 15 ARMENDARIZ;LIMA;MIRAFLORES;RESTAURANTE\RESTAURANTE;Avenida;ARMENDARIZ;Katherine Gutierrez
481;TEL 16 JOCKEY ;LIMA;SANTIAGO DE SURCO;RESTAURANTE\RESTAURANTE;Avenida;JAVIER PRADO ESTE ;Yeisll Diaz
482;TEL 17 SANTA ANITA;LIMA;SANTA ANITA;RESTAURANTE\RESTAURANTE;Calle;LAS ALONDRAS;Yeisll Diaz
483;TEL 18 SAGA;LIMA;SAN ISIDRO;RESTAURANTE\RESTAURANTE;Avenida;LAS BEGONIAS;Yeisll Diaz
484;TEL 19 LARCO;LIMA;MIRAFLORES;RESTAURANTE\RESTAURANTE;Avenida;JOSE A. LARCO;Katherine Gutierrez
485;TEL 20 LIMATAMBO;LIMA;SAN BORJA;RESTAURANTE\RESTAURANTE;Avenida;ANGAMOS ESTE;Yeisll Diaz
486;TEL 21 LARCO MAR;LIMA;MIRAFLORES;RESTAURANTE\RESTAURANTE;Avenida;MALECON DE LA RESERVA;Katherine Gutierrez
487;TEL 23 FC MEGA PLAZA;LIMA;INDEPENDENCIA;RESTAURANTE\RESTAURANTE;Avenida;ALFREDO MENDIOLA ;Paola Mija
488;TEL 24 RBD MEGA PLAZA;LIMA;INDEPENDENCIA;RESTAURANTE\RESTAURANTE;Avenida;ALFREDO MENDIOLA ;Paola Mija
489;TEL 25 CÁNEPA;LIMA;LA VICTORIA;RESTAURANTE\RESTAURANTE;Jiron;ANTONIO BAZO ;Yeisll Diaz
490;TEL 26 ROYAL PLAZA;LIMA;INDEPENDENCIA;RESTAURANTE\RESTAURANTE;Avenida;CARLOS IZAGUIRRE;Paola Mija
491;TEL 28 CHORRILLOS;LIMA;CHORRILLOS;RESTAURANTE\RESTAURANTE;Avenida;PASEO DE LA REPUBLICA;Katherine Gutierrez
492;TEL 29 LIMA SUR CHORRILLOS;LIMA;CHORRILLOS;RESTAURANTE\RESTAURANTE;PROLG.;PASEO DE LA REPUBLICA;Katherine Gutierrez
493;TEL 30 REAL PLAZA CHICLAYO ;CHICLAYO;CHICLAYO;RESTAURANTE\RESTAURANTE;Avenida;MURO Y DIEGO FERRE - MIGUEL DE CERVANTES;Sheyda Florindez
494;TEL 33 COMAS;LIMA;COMAS;RESTAURANTE\RESTAURANTE;Avenida;TUPAC AMARU ;Paola Mija
495;TEL 35 REAL PLAZA TRUJILLO;TRUJILLO;TRUJILLO;RESTAURANTE\RESTAURANTE;Avenida;CESAR VALLEJO;Sheyda Florindez
496;TEL 36 MALL PLAZA;TRUJILLO;TRUJILLO;RESTAURANTE\RESTAURANTE;Avenida;AMERICA OESTE;Sheyda Florindez
497;TEL 37 ATOCONGO;LIMA;SAN JUAN DE MIRAFLORES;RESTAURANTE\RESTAURANTE;Avenida;CIRCUNVALACION ;Yeisll Diaz
498;TEL 39 HUANCAYO;HUANCAYO;HUANCAYO;RESTAURANTE\RESTAURANTE;Avenida;FERROCARRIL C.C. REAL PLAZA;Sheyda Florindez
499;TEL 40 ICA;ICA;ICA;RESTAURANTE\RESTAURANTE;Avenida;SAN MARTIN ;Sheyda Florindez
500;TEL 41 CENTRO CÍVICO;LIMA;LIMA;RESTAURANTE\RESTAURANTE;Avenida;INCA GARCILAZO DE LA VEGA ;Yeisll Diaz
501;TEL 42 OPEN MARSANO;LIMA;SURQUILLO;RESTAURANTE\RESTAURANTE;Avenida;NUEVA TOMAS MARSANO;Yeisll Diaz
502;TEL 43 MERCADERES;AREQUIPA;AREQUIPA;RESTAURANTE\RESTAURANTE;Calle;MERCADERES;Sheyda Florindez
503;TEL 44 OP PIURA;PIURA;PIURA;RESTAURANTE\RESTAURANTE;Avenida;CACERES;Sheyda Florindez
504;TEL 45 HUACHO;HUAURA;HUACHO;RESTAURANTE\RESTAURANTE;Calle;COLON (C.C. PLAZA DEL SOL HUACHO);Sheyda Florindez
505;TEL 46 PQ. ARARUCO;AREQUIPA;AREQUIPA;RESTAURANTE\RESTAURANTE;Avenida;LAMBRAMANI;Sheyda Florindez
506;TEL48 PIURA;PIURA;PIURA;RESTAURANTE\RESTAURANTE;Avenida;ANDRES AVELINO CACERES;Sheyda Florindez
507;TEL 49 PARQUE AGUSTINO;LIMA;EL AGUSTINO;RESTAURANTE\RESTAURANTE;Jiron;ANCASH;Yeisll Diaz
508;TEL 50 EL QUINDE;CAJAMARCA;CAJAMARCA;RESTAURANTE\RESTAURANTE;Jiron;SOR MANUELA GIL;Sheyda Florindez
509;TEL 52 MEGA PLAZA CHIMBOTE;SANTA;CHIMBOTE;RESTAURANTE\RESTAURANTE;Avenida;V. R. H. DE LA TORRE - MEGAPLAZA CHIMBOTE;Sheyda Florindez
510;TEL 53 FOOD COURT AVENTURA STA. ANITA;LIMA;SANTA ANITA;RESTAURANTE\RESTAURANTE;Avenida;CARRETERA CENTRAL;Yeisll Diaz
511;TEL 54 ACDR AVENTURA STA. ANITA;LIMA;SANTA ANITA;RESTAURANTE\RESTAURANTE;Avenida;CARRETERA CENTRAL;Yeisll Diaz
512;TEL 55 CC SAN BORJA;LIMA;SAN BORJA;RESTAURANTE\RESTAURANTE;Jiron;CARPACCIO ;Yeisll Diaz
513;TEL 56 AVENTURA PLAZA TRUJILLO ACDR;TRUJILLO;TRUJILLO;RESTAURANTE\RESTAURANTE;Avenida;AMERICA OESTE ( C.C.MALL AVEN.PZA.);Sheyda Florindez
514;TEL 57 BELLAVISTA FOOD COURT;CALLAO;BELLAVISTA;RESTAURANTE\RESTAURANTE;Avenida;OSCAR R. BENAVIDES (  MALL AVENTURA PLAZA );Mariaelena Quiroz
515;TEL 58 PLAZA LIMA NORTE;LIMA;INDEPENDENCIA;RESTAURANTE\RESTAURANTE;Avenida;ALFREDO MENDIOLA;Paola Mija
516;TEL 59 REAL PLAZA PIURA;PIURA;PIURA;RESTAURANTE\RESTAURANTE;Avenida;SANCHEZ CERRO;Sheyda Florindez
517;TEL 60 C. C. REAL PZA. HUANUCO;HUANUCO;HUANUCO;RESTAURANTE\RESTAURANTE;Jiron;NDEPENDENCIA;Sheyda Florindez
518;TEL 61 REAL PLAZA JULIACA;SAN ROMAN;JULIACA;RESTAURANTE\RESTAURANTE;Jiron;TUMBES ;Sheyda Florindez
519;TEL 62 EL QUINDE ICA;ICA;ICA;RESTAURANTE\RESTAURANTE;Avenida;DE LOS MAESTROS ( C.C MEGA PLAZA );Sheyda Florindez
520;TEL 63 OPEN PZA. PUCALLPA;CORONEL PORTILLO;CALLERIA;RESTAURANTE\RESTAURANTE;Avenida;CENTENARIO;Sheyda Florindez
521;TEL 64 C.C. SALAVERRY;LIMA;JESUS MARIA;RESTAURANTE\RESTAURANTE;Avenida;GRAL. FELIPE SALAVERRY;Mariaelena Quiroz
522;TEL 65 -REAL PLAZA PUCALLPA;CORONEL PORTILLO;CALLERIA;RESTAURANTE\RESTAURANTE;Avenida;CENTENARIO ( C.C. RP PUCALLPA );Sheyda Florindez
523;TEL 66 C.C. MALL DEL SUR;LIMA;SAN JUAN DE MIRAFLORES;RESTAURANTE\RESTAURANTE;Avenida;PEDRO MIOTA;Yeisll Diaz
524;TEL 67 OPEN PLAZA  HUANCAYO;HUANCAYO;HUANCAYO;RESTAURANTE\RESTAURANTE;Avenida;FERROCARRIL;Sheyda Florindez
525;TEL 68 REAL PLAZA AREQUIPA ;AREQUIPA;AREQUIPA;RESTAURANTE\RESTAURANTE;Avenida;EJERCITO;Sheyda Florindez
526;TEL 69 MINKA CALLAO ;CALLAO;CALLAO;RESTAURANTE\RESTAURANTE;Avenida;ARGENTINA - MINKA;Mariaelena Quiroz
527;TEL 70 TACNA;TACNA;TACNA;RESTAURANTE\RESTAURANTE;Avenida;CERCADO CUZCO;Sheyda Florindez
528;TEL 71 REAL PLAZA PRO ;LIMA;SAN MARTIN DE PORRES;RESTAURANTE\RESTAURANTE;Avenida;ALFREDO MENDIOLA;Paola Mija
529;TEL PH72 PLAZA VEA VES;LIMA;VILLA EL SALVADOR;RESTAURANTE\RESTAURANTE;Avenida;PLAZA CENTER VILLA EL SALVADOR ;Yeisll Diaz
530;TEL 73 VILLA MARÍA DEL TRIUNFO;LIMA;VILLA MARIA DEL TRIUNFO;RESTAURANTE\RESTAURANTE;Avenida;PACHACUTEC ;Yeisll Diaz
531;TEL 74 PORONGOCHE;AREQUIPA;AREQUIPA;RESTAURANTE\RESTAURANTE;Avenida;PORONGOCHE ;Sheyda Florindez
532;TEL 76 PURUCHUCO;LIMA;ATE;RESTAURANTE\RESTAURANTE;Avenida;NICOLAS AYLLON;Yeisll Diaz
533;PH077 PSM PLAZA SAN MIGUEL;LIMA;SAN MIGUEL;RESTAURANTE\RESTAURANTE;Avenida;CENTRO COMERCIAL PLAZA SAN MIGUEL;Mariaelena Quiroz
534;PH 78 TUMBES;TUMBES;TUMBES;RESTAURANTE\RESTAURANTE;Calle;CALLE SAN MARTIN;Sheyda Florindez
535;PH079  MALL AVENTURA CHICLAYO;CHICLAYO;CHICLAYO;RESTAURANTE\RESTAURANTE;Avenida;PANAMERICANA, CC MALL AVENTURA CHICLAYO;Sheyda Florindez
536;PH080 MPC MALL PLAZA COMAS;LIMA;COMAS;RESTAURANTE\RESTAURANTE;Avenida;LOS ÁNGELES;Paola Mija
537;PH 81 CAYMA ;AREQUIPA;AREQUIPA;RESTAURANTE\RESTAURANTE;Avenida;EJERCITO;Sheyda Florindez
538;PH 83 REAL PLAZA CUSCO;CUSCO;CUSCO;RESTAURANTE\RESTAURANTE;Avenida;COLLASUYO, CENTRO COMERCIAL REAL PLAZA;Sheyda Florindez
542;PD 033 HEROES;LIMA;SAN JUAN DE MIRAFLORES;RESTAURANTE\RESTAURANTE;Avenida;LOS HEROES;Gabriela Varias
543;PH 086 TERMINAL TERRESTRE INDEPENDENCIA;LIMA;INDEPENDENCIA;RESTAURANTE\RESTAURANTE;Avenida;GERARDO UNGER;Paola Mija
544;PH 087 CANTA CALLAO;CALLAO;CALLAO;RESTAURANTE\RESTAURANTE;Avenida;CANTA CALLAO;Mariaelena Quiroz
545;PHD31 PRO HABICH;LIMA;SAN MARTIN DE PORRES;RESTAURANTE\RESTAURANTE;Avenida;EDUARDO HABICH;Paola Mija
546;PH84 MALL AVENTURA SJL;LIMA;SAN JUAN DE LURIGANCHO;RESTAURANTE\RESTAURANTE;Avenida;LURIGANCHO;Yeisll Diaz
547;STARBUCKS 129 LARCO;LIMA;MIRAFLORES;RESTAURANTE\RESTAURANTE;Avenida;JOSE LARCO;Gabriela Varias
548;STARBUCKS 130 WONG GARDENIAS;LIMA;SANTIAGO DE SURCO;RESTAURANTE\RESTAURANTE;Avenida;ALFREDO BENAVIDES;Gabriela Varias
549;STARBUCKS 134 MALL AVENTURA SANTA ANITA 2;LIMA;SANTA ANITA;RESTAURANTE\RESTAURANTE;Avenida;NICOLAS AYLLON;Gabriela Varias
550;STARBUCKS 137 ROYAL PLAZA;LIMA;INDEPENDENCIA;RESTAURANTE\RESTAURANTE;Avenida;CARLOS IZAGUIRRE;Gabriela Varias
551;STARBUCKS 131 MALL AVENTURA IQUITOS;MAYNAS;IQUITOS;RESTAURANTE\RESTAURANTE;Avenida;CAPITAN JOSE ABELARDO QUIÑONES;Sheyda Florindez
552;KFC 197 IL REVOLUCION;LIMA;VILLA EL SALVADOR;RESTAURANTE\RESTAURANTE;Avenida;REVOLUCIÓN;Yeisll Diaz
553;KFC 198 CERES;LIMA;ATE;RESTAURANTE\RESTAURANTE;Avenida;PROLONGACIÓN JAVIER PRADO;Yeisll Diaz
554;KFC 194 PRÓCERES DE HUANDOY;LIMA;LOS OLIVOS;RESTAURANTE\RESTAURANTE;Avenida;LOS PROCERES;Paola Mija
555;BURGER KING 89 KIOSKO SJL;LIMA;SAN JUAN DE LURIGANCHO;RESTAURANTE\RESTAURANTE;Avenida;LURIGANCHO;Ereni Valdivia
558;CC CONDADO SB002;PICHINCHA;;RESTAURANTE\RESTAURANTE;Avenida;MARISCAL SUCRE Y JOHN F. KENNEDY;Sheyda Florindez
559;CC SCALA SB001 - PASAJE EL VALLE DE CUMBAYÁ;CUMBAYÁ;;RESTAURANTE\RESTAURANTE;Avenida;INTEROCEANICA;Sheyda Florindez
560;RANSA QUITO - CCI;;;RESTAURANTE\RESTAURANTE;Avenida;RIO AMAZONAS;Sheyda Florindez
562;STARBUCKS CC CCI;;;RESTAURANTE\RESTAURANTE;Sin tipo;NACIONES UNIDAD;Sheyda Florindez
563;STARBUCKS MALL JARDIN;;;RESTAURANTE\RESTAURANTE;Calle;RIO AMAZONAS;Sheyda Florindez
564;KFC 201 PASEO CENTRAL ;AREQUIPA;JACOBO HUNTER;RESTAURANTE\RESTAURANTE;Avenida;ARTURO IBANEZ;Sheyda Florindez
565;KFC202 - CENTRO COMERCIAL METRO DE CHILCA;HUANCAYO;CHILCA;RESTAURANTE\RESTAURANTE;Avenida;9 DE DICIEMBRE;Sheyda Florindez
566;KFC 208 GAMA PLAZA;LIMA;LA VICTORIA;RESTAURANTE\RESTAURANTE;Jiron ;AGUSTIN GAMARRA ;Yeisll Diaz
567;KFC 207 METRO FAUCETT;LIMA;SAN MIGUEL;RESTAURANTE\RESTAURANTE;Avenida;VENEZUELA ;Mariaelena Quiroz
568;KFC199 - CENTRO COMERCIAL METRO DE CHACLACAYO;LIMA;CHACLACAYO;RESTAURANTE\RESTAURANTE;Avenida;NICOLAS AYLLON;Yeisll Diaz
569;KFC 205 IL AREQUIPA CENTER ;AREQUIPA;CERRO COLORADO;RESTAURANTE\RESTAURANTE;Avenida;AVIACION;Sheyda Florindez
570;STARBUCKS QUICENTRO;;;RESTAURANTE\RESTAURANTE;Avenida;NACIONES UNIDAS;Sheyda Florindez
571;CH30 MALL PLAZA COMAS;LIMA;COMAS;RESTAURANTE\RESTAURANTE;Avenida;LOS ÁNGELES;Sara Cordero
572;STARBUCKS 141 MALL PLAZA TRUJILLO II;TRUJILLO;TRUJILLO;RESTAURANTE\RESTAURANTE;Avenida;AMERICA OESTE;Sheyda Florindez
573;STARBUCKS 139 - SALIDAS INTERNACIONALES 3ER PISO AEROPUERTO INTERNACIONAL JORGE CHAVEZ;CALLAO;CALLAO;RESTAURANTE\RESTAURANTE;Avenida;NESTOR GAMBETTA;Gabriela Varias
574;STARBUCKS 138 - SALIDAS NACIONALES 3ER PISO AEROPUERTO INTERNACIONAL JORGE CHAVEZ;CALLAO;CALLAO;RESTAURANTE\RESTAURANTE;Avenida;NESTOR GAMBETTA;Gabriela Varias
575;CH6 - CENTRO COMERCIAL LARCOMAR;LIMA;MIRAFLORES;RESTAURANTE\RESTAURANTE;Avenida;MALECÓN DE LA RESERVA;Sara Cordero
583;"PH 088 LAP
NUEVO AEROPUERTO JORGE CHAVEZ";CALLAO;CALLAO;RESTAURANTE\RESTAURANTE;Avenida;NESTOR GAMBETA;Mariaelena Quiroz
584;KFC 203 LLEGADAS NACIONALES LAP - NUEVO AEROPUERTO JORGE CHAVEZ;CALLAO;CALLAO;RESTAURANTE\RESTAURANTE;Avenida;NESTOR GAMBETA;Mariaelena Quiroz
585;KFC 200 CARABAYLLO;LIMA;CARABAYLLO;RESTAURANTE\RESTAURANTE;Avenida;TUPAC AMARU;Paola Mija
586;STARBUCKS 136 - LLEGADAS 1ER PISO AEROPUERTO INTERNACIONAL JORGE CHAVEZ;CALLAO;CALLAO;RESTAURANTE\RESTAURANTE;Avenida;NESTOR GAMBETTA;Gabriela Varias
589;SB 117 REAL PLAZA HUÁNUCO;HUANUCO;HUANUCO;RESTAURANTE\RESTAURANTE;Jiron;INDEPENDENCIA ;Sheyda Florindez
590;KFC 204 CC MOLINA PLAZA ;LIMA ;LA MOLINA;RESTAURANTE\RESTAURANTE;Avenida ;RAUL FERRERO ;Mariaelena Quiroz
591;KFC 213 TOTTUS SULLANA;SULLANA;SULLANA;RESTAURANTE\RESTAURANTE;Avenida;PANAMERICANA;Sheyda Florindez
592;KFC 210 PORTAL PIZARRO;TRUJILLO;TRUJILLO;RESTAURANTE\RESTAURANTE;Jiron;PIZARRO;Sheyda Florindez
593;SB 144 PORTAL PIZARRO;TRUJILLO;TRUJILLO;RESTAURANTE\RESTAURANTE;JIRON ;PIZARRO;Sheyda Florindez
594;KFC 206 - PUNTA MAR;LIMA;PUNTA HERMOSA;RESTAURANTE\RESTAURANTE;Carretera;ANTIGUA PANAMERICANA SUR;Yeisll Diaz
595;KFC 209 - MEGA PLAZA ICA II;ICA;ICA;RESTAURANTE\RESTAURANTE;Avenida;LOS MAESTROS;Sheyda Florindez
596;KFC 219 - MALL DEL SUR 3;LIMA;SAN JUAN DE MIRAFLORES;RESTAURANTE\RESTAURANTE;Avenida;LOS LIRIOS;Yeisll Diaz
597;KFC 221 - MEGA PLAZA VES 2;LIMA;VILLA EL SALVADOR ;RESTAURANTE\RESTAURANTE;Avenida;PRIMERO DE MAYO ;Yeisll Diaz
598;KFC 196 - METRO BREÑA;LIMA;BREÑA;RESTAURANTE\RESTAURANTE;Avenida;ALFONSO UGARTE;Mariaelena Quiroz
599;KFC 212 - IL REAL PLAZA CUSCO ;CUSCO;CUSCO;RESTAURANTE\RESTAURANTE;Avenida;COLLASUYO;Sheyda Florindez
600;KFC 222 - PATIO CENCOSUD LA MOLINA;LIMA;LA MOLINA;RESTAURANTE\RESTAURANTE;Avenida;RAUL FERRERO;Mariaelena Quiroz
