Referencia;Provincia;Distrito;TipoVia;NombreVia;AASS
CH 1 JOCKEY;LIMA;SANTIAGO DE SURCO;Avenida;JAVIER PRADO ESTE;SARA CORDERO
CH 2 OVALO;LIMA;SAN ISIDRO;Plaza;AGUSTIN GUTIERREZ- CAVENECIA 106-110 - CONQUISTADORES 1090-1094;SARA CORDERO
CH 4 TAIPEI;LIMA;MIRAFLORES;Avenida;ALFREDO BENAVIDES;SARA CORDERO
CH 5 MONITOR;LIMA;LA MOLINA;Avenida;LAS PLAMERAS;SARA CORDERO
CH 6 LARCO MAR;LIMA;MIRAFLORES;Avenida;MALECON DE LA RESERVA;SARA CORDERO
CH 7 MEGA PLAZA;LIMA;INDEPENDENCIA;Avenida;ALFREDO MENDIOLA ;SARA CORDERO
CH 8 PARQUE ARAUCO;AREQUIPA;AREQUIPA;Avenida;LAMBRAMANI;Sheyda Florindez
CH 9 PRIMAVERA CON VELASCO A;LIMA;SANTIAGO DE SURCO;Avenida;ALEJANDRO VELASCO ASTETE ;SARA CORDERO
CH 10 PARDO;LIMA;MIRAFLORES;Avenida;JOSE PARDO;SARA CORDERO
CH 11 OPEN PLAZA PIURA ;PIURA;CASTILLA;Avenida;CACERES;Sheyda Florindez
CH 12 AVENTURA STA. ANITA;LIMA;SANTA ANITA;Avenida;CARRETERA CENTRAL;SARA CORDERO
CH 13 CC SAN BORJA;LIMA;SAN BORJA;Avenida;PERÍMETRO ENCERRADO POR LA JAVIER PRADO OESTE, CALLE CARPACCIO Y CALLE UCELLO;SARA CORDERO
CH 14 AVENTURA TRUJILLO;TRUJILLO;TRUJILLO;Avenida;AMERICA OESTE;Sheyda Florindez
CH 15 C.C. CENTRO CIVICO;LIMA;LIMA;Avenida;INCA GARCILAZO DE LA VEGA;SARA CORDERO
CH 17 DOS DE MAYO;LIMA;SAN ISIDRO;Avenida;DOS DE MAYO;SARA CORDERO
CH 18 CC REAL PZA. CHICLAYO;CHICLAYO;CHICLAYO;Calle;MARISCAL ANDRÉS AVELINO CÁCERES ;Sheyda Florindez
CH 19 CC REAL PZA. CUZCO;CUSCO;CUSCO;Avenida;AVENIDA COLLASUYO ;Sheyda Florindez
CH 20 CC PLAZA LIMA NORTE;LIMA;INDEPENDENCIA;Avenida;ALFREDO MENDIOLA;SARA CORDERO
CH 21 CC MALL DEL SUR;LIMA;SAN JUAN DE MIRAFLORES;Avenida;PEDRO MIOTA ;SARA CORDERO
CH 22 CC OPEN PLAZA ANGAMOS;LIMA;SURQUILLO;Avenida;NUEVA TOMAS MARSANO ;SARA CORDERO
CH 23 PLAZA LIMA SUR;LIMA;CHORRILLOS;Avenida;PASEO DE LA REPÚBLICA;SARA CORDERO
CH 24 CC. OPEN PLAZA HUANCAYO;HUANCAYO;HUANCAYO;Avenida;FERROCARRIL;Sheyda Florindez
CH 26 C.C. REAL PLAZA PRIMAVERA;LIMA;SAN BORJA;Avenida;ANGAMOS ESTE;SARA CORDERO
CH 27 BAJADA BALTA;LIMA;MIRAFLORES;Malecon;BALTA;SARA CORDERO
CH 3 SAN MIGUEL;LIMA;SAN MIGUEL;Calle;MANTARO;SARA CORDERO
CH 28 RIVERA NAVARRETE;LIMA;SAN ISIDRO;Avenida;RICARDO RIVERA NAVERRETE;SARA CORDERO
CH 29 CC EL POLO;LIMA;SANTIAGO DE SURCO;Jiron;CENTRO COMERCIAL EL POLO ;SARA CORDERO
CH 16 C.C. AVENTURA BELLAVISTA;CALLAO;CALLAO;Avenida;OSCAR R. BENAVIDES ;SARA CORDERO
CH 31 PURUCHUCO;LIMA;ATE;Avenida;NICOLAS AYLLON;SARA CORDERO
CH 25 LA RAMBLA BRASIL;LIMA;BREÑA;Avenida;BRASIL ;SARA CORDERO
CH 32 MALL AVENTURA CHICLAYO;CHICLAYO;CHICLAYO;Avenida;PANAMERICANA;Sheyda Florindez
CHILIS35 MA SJL;LIMA;SAN JUAN DE LURIGANCHO;Avenida;LURIGANCHO;SARA CORDERO
KFC 3 AVIACIÓN;LIMA;SAN BORJA;Avenida;AVIACION;Yeisll Diaz
KFC 4 SAN ISIDRO CAR 1;LIMA;SAN ISIDRO;Avenida;JAVIER PRADO OESTE;Paola Mija
KFC 5 BENAVIDES;LIMA;SANTIAGO DE SURCO;Avenida;ALFREDO BENAVIDES;Yeisll Diaz
KFC 6 LARCO;LIMA;MIRAFLORES;Avenida;JOSE A. LARCO;Katherine Gutierrez
KFC 7 CAMACHO;LIMA;LA MOLINA;Avenida;JAVIER PRADO;Mariaelena Quiroz
KFC 9 ESPINAR;LIMA;MIRAFLORES;Avenida;COMANDANTE ESPINAR;Katherine Gutierrez
KFC 10 CC LA RAMBLA FREE STANDING ;LIMA;SAN BORJA;Jiron;CARPACCIO;Yeisll Diaz
KFC 11 SAN MIGUEL;LIMA;SAN MIGUEL;Jiron;LA MARINA ;Mariaelena Quiroz
KFC 14 LA MOLINA;LIMA;LA MOLINA;Avenida;RAÚL FERRERO;Mariaelena Quiroz
KFC 15 JR. DE LA UNIÓN;LIMA;LIMA;Jiron;DE LA UNIÓN;Yeisll Diaz
KFC 17 PRIMAVERA ;LIMA;SANTIAGO DE SURCO;Avenida;PRIMAVERA ;Yeisll Diaz
KFC 18 JOCKEY PH14;LIMA;SANTIAGO DE SURCO;Avenida;JAVIER PRADO ESTE ;Yeisll Diaz
KFC 19 CANADÁ PH 12;LIMA;LA VICTORIA;Avenida;CANADA;Yeisll Diaz
KFC 20 SUCRE PH 13;LIMA;PUEBLO LIBRE;Avenida;SAN MARTIN;Katherine Gutierrez
KFC 21 ARMENDARIZ PH 15;LIMA;MIRAFLORES;Avenida;ARMENDARIZ;Katherine Gutierrez
KFC 22 SANTA ANITA PH 17;LIMA;SANTA ANITA;Calle;ESQUINA .LOS RUISEÑORES Y CALLE LAS ALONDRAS;Yeisll Diaz
KFC 24 SAGA SAN ISIDRO  PH 18;LIMA;SAN ISIDRO;Avenida;LAS BEGONIAS;Yeisll Diaz
KFC 25 LARCO MAR;LIMA;MIRAFLORES;Malecon;DE LA RESERVA;Katherine Gutierrez
KFC 26 LIMATAMBO;LIMA;SAN BORJA;Avenida;ANGAMOS ESTE;Yeisll Diaz
KFC 27 SAGA AREQUIPA;AREQUIPA;AREQUIPA;Avenida;CALLE ARCES SAGAFALABELLA CAYMA ;Sheyda Florindez
KFC 28 ROYAL PLAZA PH 26;LIMA;INDEPENDENCIA;Avenida;CARLOS IZAGUIRRE;Paola Mija
KFC 29 FOOD COURT MEGA;LIMA;INDEPENDENCIA;Avenida;CENTRO COMERCIAL MEGAPLAZA, AV. ALFREDO MENDIOLA;Paola Mija
KFC 30 MEGA PLAZA;LIMA;INDEPENDENCIA;Avenida;ALFREDO MENDIOLA;Paola Mija
KFC 31 FC CÁNEPA;LIMA;LA VICTORIA;Avenida;ANTONIO BAZO ;Yeisll Diaz
KFC 34 CHORRILLOS;LIMA;CHORRILLOS;Avenida;PASEO DE LA REPUBLICA;Katherine Gutierrez
KFC 35 LIMA SUR CHORRILLOS;LIMA;CHORRILLOS;Avenida;PASEO DE LA REPUBLICA;Katherine Gutierrez
KFC 36 PLAZA CHICLAYO;CHICLAYO;CHICLAYO;Avenida;M. DE CERVANTES;Sheyda Florindez
KFC 37 TAIPEI;LIMA;MIRAFLORES;Avenida;JOSE A. ENCINAS;Katherine Gutierrez
KFC 38 SAN LUIS;LIMA;SAN LUIS;Avenida;CANADA;Yeisll Diaz
KFC 39 FAUCETT CALLAO PHD 8;CALLAO;CALLAO;Avenida;ELMER FAUCETT;Mariaelena Quiroz
KFC 40 COMAS;LIMA;COMAS;Avenida;TUPAC AMARU;Paola Mija
KFC 42 TELLO;LIMA;SURQUILLO;Avenida;REPUBLICA DE PANAMA;Yeisll Diaz
KFC 43 SODIMAC;LIMA;LA VICTORIA;Avenida;JAVIER PRADO ESTE;Yeisll Diaz
KFC 45 PEZET;LIMA;SAN ISIDRO;Avenida;PEZET, GENERAL JUAN ANTONIO;Yeisll Diaz
KFC 46 SAN JUAN ;LIMA;SAN JUAN DE MIRAFLORES;Avenida;SAN JUAN;Yeisll Diaz
KFC 48 REAL PLAZA ;TRUJILLO;TRUJILLO;Avenida;CESAR VALLEJO OESTE;Sheyda Florindez
KFC 49 MALL PLAZA;TRUJILLO;TRUJILLO;Avenida;AMERICA OESTE ;Sheyda Florindez
KFC 50 ATOCONGO;LIMA;SAN JUAN DE MIRAFLORES;Avenida;CIRCUNVALACION;Yeisll Diaz
KFC 51 TOMÁS VALLE;CALLAO;CALLAO;Avenida;TOMAS VALLE;Mariaelena Quiroz
KFC 52 HABICH;LIMA;SAN MARTIN DE PORRES;Avenida;DE HABICH EDUARDO;Paola Mija
KFC 53 SURQUILLO ;LIMA;SURQUILLO;Avenida;ANGAMOS ESTE;Yeisll Diaz
KFC 55 HUANCAYO;HUANCAYO;HUANCAYO;Avenida;FERROCARRIL, REAL PLAZA ;Sheyda Florindez
KFC 56 CENTRO CIVICO;LIMA;LIMA;Avenida;INCA GARCILAZO DE LA VEGA,C.C CENTRO CIVICO ;Yeisll Diaz
KFC 57 ICA;ICA;ICA;Avenida;SAN MARTIN ;Sheyda Florindez
KFC 58 MINKA CALLAO;CALLAO;CALLAO;Avenida;ARGENTINA - MINKA;Mariaelena Quiroz
KFC 59 CONTISUYO;LIMA;SAN MIGUEL;Avenida;ELMER FAUCETT;Mariaelena Quiroz
KFC 60 OPEN PLAZA MARSANO;LIMA;SURQUILLO;Avenida;NUEVA TOMAS MARSANO;Yeisll Diaz
KFC 61 PARQUE ARAUCO AREQUIPA;AREQUIPA;AREQUIPA;Avenida;LAMBRAMANI;Sheyda Florindez
KFC 62 METRO BREÑA;LIMA;BREÑA;Avenida;IQUIQUE;Mariaelena Quiroz
KFC 63  MERCADERES AREQUIPA;AREQUIPA;AREQUIPA;Calle;CALLE MERCADERES;Sheyda Florindez
KFC 64 OPEN PLAZA PIURA;PIURA;PIURA;Avenida;CACERES OPEN PLAZA;Sheyda Florindez
KFC 65 PLAZA SOL DE HUACHO;HUAURA;HUACHO;Avenida;CALLE COLON;Sheyda Florindez
KFC 66 REP DOMINICANA;LIMA;JESUS MARIA;Avenida;REPUBLICA DOMINICANA ;Mariaelena Quiroz
KFC 67 ARZOBISPADO DEL CUSCO;CUSCO;CUSCO;Calle;PORTAL CARNES;Sheyda Florindez
KFC 68 LINCE/BERNARDO ALCEDO;LIMA;LINCE;Avenida;AREQUIPA;Katherine Gutierrez
KFC 69 BOLIVAR;LIMA;PUEBLO LIBRE;Avenida;SIMON BOLIVAR;Katherine Gutierrez
KFC 70 UNIVERSITARIA;LIMA;SAN MIGUEL;Avenida;UNIVERSITARIA;Mariaelena Quiroz
KFC 72 CAVENECIA ;LIMA;MIRAFLORES;Avenida;EMILIO CAVENECIA;Katherine Gutierrez
KFC 73 PARQUE AGUSTINO;LIMA;EL AGUSTINO;Jiron;ANCASH;Yeisll Diaz
KFC 74 EL QUINDE;CAJAMARCA;CAJAMARCA;Jiron;SOR MANUELA GIL ;Sheyda Florindez
KFC 75 PLAZA LIMA NORTE;LIMA;INDEPENDENCIA;Avenida;ALFREDO MENDIOLA;Paola Mija
KFC 76 BELLAVISTA;CALLAO;CALLAO;Avenida;OSCAR R. BENAVIDES ;Mariaelena Quiroz
KFC 77 PLAZA DE LA LUNA  ;PIURA;PIURA;Avenida;GRAU - CENTRO COMERCIAL PLAZA DE LA LUNA PIURA;Sheyda Florindez
KFC 79 MEGA EXPRESS V. EL SALVADOR;LIMA;VILLA EL SALVADOR;Carretera;CAR, ANTIGUA PANAMERICANA SUR MZA. 29, LURÍN 15841;Yeisll Diaz
KFC 80 REAL PLAZA PRO ;LIMA;SAN MARTIN DE PORRES;Avenida;REAL PLAZA ALFREDO MENDIOLA ;Paola Mija
KFC 81 MEGA PLAZA CHIMBOTE ;SANTA;CHIMBOTE;Avenida;V. R. H. DE LA TORRE;Sheyda Florindez
KFC 82 AVENTURA STA. ANITA ;LIMA;SANTA ANITA;Avenida;CARRETERA CENTRAL;Yeisll Diaz
KFC 83 PETIT THOUARS;LIMA;LINCE;Avenida;DU PETIT THOUARS, ABEL BERGASSE;Katherine Gutierrez
KFC 84 OVALO LARCO, TRUJILLO;TRUJILLO;TRUJILLO;Avenida;VICTOR LARCO HERRERA;Sheyda Florindez
KFC 85 TOMASAL ;LIMA;SANTIAGO DE SURCO;Avenida;PRIMAVERA ;Yeisll Diaz
KFC 86 CHIMU;LIMA;SAN JUAN DE LURIGANCHO;Avenida;GRAN CHIMU;Yeisll Diaz
KFC 87 MICAELA BASTIDAS ;LIMA;COMAS;Avenida;TUPAC AMARU ;Paola Mija
KFC 88 C.C. LA RAMBLA;LIMA;SAN BORJA;Jiron;CARPACCIO;Yeisll Diaz
KFC 89 ANGÉLICA GAMARRA;LIMA;LOS OLIVOS;Avenida;ANGELICA GAMARRA DE LEON;Paola Mija
KFC 90 TOTTUS HUAYLAS ;LIMA;CHORRILLOS;Avenida;DEFENSORES DEL MORRO ;Katherine Gutierrez
KFC 91 BRASIL ;LIMA;MAGDALENA DEL MAR;Avenida;JAVIER PRADO OESTE;Mariaelena Quiroz
KFC 92 REAL PLAZA JULIACA ;SAN ROMAN;JULIACA;Avenida;TUMBES;Sheyda Florindez
KFC 93 TOTTUS LA MARINA ;LIMA;SAN MIGUEL;Avenida;LA MARINA ;Mariaelena Quiroz
KFC 94 CASA WELSCH ;LIMA;LIMA;Jiron;JIRÓN DE LA UNIÓN ;Yeisll Diaz
KFC 95 TOTTUS GUIPOR  ;LIMA;LOS OLIVOS;Avenida;MENDIOLA, ALFREDO;Paola Mija
KFC 96 AVENTURA AREQUIPA;AREQUIPA;AREQUIPA;Avenida;C.C.MALL AVENTURA PLAZA ;Sheyda Florindez
KFC 97 REAL PZA. HUANUCO;HUANUCO;HUANUCO;Jiron;INDEPENDENCIA;Sheyda Florindez
KFC 99 REAL PLAZA PIURA;PIURA;PIURA;Avenida;SANCHEZ CERRO;Sheyda Florindez
KFC 101 BODEGONES;LIMA;SANTIAGO DE SURCO;Calle;CAMINOS DEL INCA;Yeisll Diaz
KFC 102 TARAPACA;LIMA;RIMAC;Avenida;FELIPE ARANCIBIA, RÍMAC 15094;Katherine Gutierrez
KFC 103 CANTO GRANDE;LIMA;SAN JUAN DE LURIGANCHO;Avenida;CANTO GRANDE;Yeisll Diaz
KFC 105 EL QUINDE ICA;ICA;ICA;Avenida;LOS MAESTROS;Sheyda Florindez
KFC 106 AV. AREQUIPA 1300;LIMA;LIMA;Jiron;CABO TEODORO CÁRDENAS;Yeisll Diaz
KFC 107 OPEN PZA. PUCALLPA;CORONEL PORTILLO;CALLERIA;Avenida;AVENIDA CENTENARIO;Sheyda Florindez
KFC 108 REAL PZA. CUSCO;CUSCO;CUSCO;Avenida;AV. COLLASUYOCUSCO 08003;Sheyda Florindez
KFC 114 STA. CLARA;LIMA;ATE;Avenida; NICOLÁS AYLLON;Yeisll Diaz
KFC 110 CAJAMARCA;CAJAMARCA;CAJAMARCA;Avenida;EVITAMIENTO NORTE ;Sheyda Florindez
KFC 111 REAL PLAZA PUCALLPA;CORONEL PORTILLO;CALLERIA;Avenida;CENTENARIO;Sheyda Florindez
KFC 112 CC OPEN PZA. MODASA;LIMA;ATE;Avenida;LOS FRUTALES;Yeisll Diaz
KFC 113 MONTERREY;LIMA;SAN MARTIN DE PORRES;Avenida;PERÚ;Paola Mija
KFC 114 REAL PLAZA SALAVERRY;LIMA;JESUS MARIA;Avenida;GENERAL FELIPE SALAVERRY;Mariaelena Quiroz
KFC 115 LA RAMBLA BRASIL;LIMA;BREÑA;Avenida;BRASIL;Mariaelena Quiroz
KFC 116 PLAZA VEA VENTANILLA;CALLAO;VENTANILLA;Avenida;PEDRO BELTRÁN ;Mariaelena Quiroz
KFC 117 C.C. MALL DEL SUR;LIMA;SAN JUAN DE MIRAFLORES;Avenida;PEDRO MIOTA;Yeisll Diaz
KFC 118 HUANUCO ;HUANUCO;HUANUCO;Jiron;CC OPEN PLAZA HUANUCO;Sheyda Florindez
KFC 119 LA MOLINA;LIMA;LA MOLINA;Calle;CALLE 7;Mariaelena Quiroz
KFC 120 VENEZUELA;LIMA;BREÑA;Avenida;VENEZUELA;Mariaelena Quiroz
KFC 121 OP HUANCAYO;HUANCAYO;HUANCAYO;Avenida;FERROCARRIL;Sheyda Florindez
KFC 122 MEGAPLAZA 03 ;LIMA;INDEPENDENCIA;Avenida;ALFREDO MENDIOLA;Paola Mija
KFC 123 LA BOLICHERA;LIMA;SANTIAGO DE SURCO;Avenida;LOS PRÓCERES ;Yeisll Diaz
KFC 124 PLAZA NORTE;LIMA;INDEPENDENCIA;Avenida;ALFREDO MENDIOLA;Paola Mija
KFC 125 CC PLAZA VEA LURIN;LIMA;LURIN;Carretera; ANTIGUA PANAMERICANA;Yeisll Diaz
KFC 126 VILLA MARÍA DEL TRIUNFO;LIMA;VILLA MARIA DEL TRIUNFO;Avenida;VILLA MARÍA DEL TRIUNFO;Yeisll Diaz
KFC 127 PUENTE PIEDRA;LIMA;PUENTE PIEDRA;Avenida;AV. PUENTE PIEDRA , PUENTE PIEDRA 15118;Paola Mija
KFC 128 LAP;CALLAO;CALLAO;Avenida;ELMER FAUCETT AEROPUERTO INT. JORGE CHAVEZ;Mariaelena Quiroz
KFC 130 MALL DEL SUR 2;LIMA;SAN JUAN DE MIRAFLORES;Avenida;PEDRO MIOTA;Yeisll Diaz
KFC 131 REAL PLAZA AREQUIPA ;AREQUIPA;AREQUIPA;Avenida;EJERCITO;Sheyda Florindez
KFC 132 VILLA EL SALVADOR;LIMA;VILLA EL SALVADOR;Avenida;SOLIDARIDAD ;Yeisll Diaz
KFC 133 GUILLERMO DE LA FUENTE ;LIMA;COMAS;Avenida;UNIVERSITARIA ;Paola Mija
KFC 134 MEGAPLAZA CAÑETE;CAÑETE;SAN VICENTE DE CAÑETE;Avenida;MARGARITA, SAN VICENTE DE CAÑETE MEGA PLAZA ;Sheyda Florindez
KFC 136 CANTA CALLAO;CALLAO;CALLAO;Avenida;CANTA CALLAO;Mariaelena Quiroz
KFC 137 CHINCHA ;CHINCHA;CHINCHA ALTA;Sin tipo;C.C. MEGAPLAZA CHINCHA;Sheyda Florindez
KFC 138 PLAZA LIMA NORTE 3;LIMA;INDEPENDENCIA;Avenida;ALFREDO MENDIOLA(C.C. PLAZA LIMA NORTE, LOCAL CA-2);Paola Mija
KFC 139 AVENTURA SANTA ANITA 2;LIMA;SANTA ANITA;Avenida;CARRETERA CENTRAL;Yeisll Diaz
KFC 140 ESTACION SAN MARTIN ;LIMA;SAN JUAN DE LURIGANCHO;Avenida;SAN MARTIN CON AV. WIESSE;Yeisll Diaz
KFC 141 PSM - PLAZA SAN MIGUEL;LIMA;SAN MIGUEL;Avenida;LA MARINA ;Mariaelena Quiroz
KFC 142 BARRANCA;BARRANCA;BARRANCA;Jiron;RAMON ZAVALA ;Sheyda Florindez
KFC 143 PEDRO DE OSMA;LIMA;BARRANCO;Avenida;PEDRO DE OSMA;Katherine Gutierrez
KFC 144 JARDINES;LIMA;SAN JUAN DE LURIGANCHO;Avenida;PROCERES DE LA INDEPENDENCIA;Yeisll Diaz
KFC 145 SAN CARLOS;LIMA;SAN JUAN DE LURIGANCHO;Avenida;PROCERES DE LA INDEPENDENCIA;Yeisll Diaz
KFC 147 VILLARAN;LIMA;SURQUILLO;Avenida;MANUEL VILLARAN ;Yeisll Diaz
KFC 150 TUMBES;TUMBES;TUMBES;Avenida;SAN MARTÍN;Sheyda Florindez
KFC 151 MOQUEGUA;ILO;ILO;Avenida;CIRCUNVALACIÓN FUNDO EL GRAMADAL;Sheyda Florindez
KFC 152 TACNA;TACNA;TACNA;Avenida;CUSCO ;Sheyda Florindez
KFC 153 HUARAL;HUARAL;HUARAL;Avenida; CHANCAYE, HUARAL 15202;Sheyda Florindez
KFC 154 MEGA PLAZA CHORRILLOS;LIMA;CHORRILLOS;Avenida;ALAMEDA SUR;Katherine Gutierrez
KFC 155 PURUCHUCO;LIMA;ATE;Avenida;NICOLAS AYLLON;Yeisll Diaz
KFC 156 PUNO;PUNO;PUNO;Avenida;LOS INCAS ;Sheyda Florindez
KFC 157 ILO;ILO;ILO;Avenida;COSTANERA;Sheyda Florindez
KFC 159 OVALO 200 MILLAS;CALLAO;CALLAO;Avenida;ELMER FAUCETT;Mariaelena Quiroz
KFC 160 KIO;LIMA;LURIN;Avenida;SUB LOTE 1, FRENTE A LA CARRETERA PANAMERICANA SUR KM. 26.62;Yeisll Diaz
KFC 161 PISCO;PISCO;PISCO;Avenida;FERMÍN TANGÜIS;Sheyda Florindez
KFC 163 KIOSKO MEGAPLAZA;LIMA;INDEPENDENCIA;Avenida;ALFREDO MENDIOLA;Paola Mija
KFC 164 PURUCHUCO;LIMA;ATE;Avenida;NICOLAS AYLLON ;Yeisll Diaz
KFC 165 KIOSCO PURUCHUCO;LIMA;ATE;Avenida;NICOLAS AYLLON;Yeisll Diaz
KFC 171 QHATU PLAZA;LIMA;ATE;Avenida;LA ESTRELLA;Yeisll Diaz
KFC 173 MPC - MALL PLAZA COMAS;LIMA;COMAS;Avenida;LOS ÁNGELES;Paola Mija
KFC 177 GUARDIA CIVIL ;LIMA;CHORRILLOS;Jiron;GUARDIA CIVIL;Katherine Gutierrez
KFC 183 - MALL AVENTURA CHICLAYO;CHICLAYO;CHICLAYO;Avenida;PANAMERICANA;Sheyda Florindez
KFC 186 HEROES;LIMA;SAN JUAN DE MIRAFLORES;Avenida;CINESTAR SUR EN SUB LOTE 16 ;Yeisll Diaz
CAR 1: AV. JAVIER PRADO OESTE 1650, S.I.;LIMA;SAN ISIDRO;Avenida;JAVIER PRADO OESTE;Paola Mija
CAR 4: AV. PARDO 299, 2° PISO, MIRAFLORES;LIMA;MIRAFLORES;Avenida;DOS DE MAYO;Paola Mija
CAR 6: AV.  DOS DE MAYO 1590, S.I.;LIMA;SAN ISIDRO;Avenida;PARDO;Paola Mija
CAR 7: AV. LOS NOGALES 294, S. I.;LIMA;SAN ISIDRO;Avenida;LOS NOGALES;Paola Mija
COCINA CENTRAL RANSA DELOSI ;CALLAO;CALLAO;Avenida;ARGENTINA;Mariaelena Quiroz
KF187 PORONGOCHE AQP;AREQUIPA;PAUCARPATA;Avenida;PORONGOCHE;Sheyda Florindez
KFC 189 ALAMEDA SJL;LIMA;SAN JUAN DE LURIGANCHO;Avenida;CANTO GRANDE;Yeisll Diaz
KFC 190 OPEN PLAZA TRUJILLO;TRUJILLO;TRUJILLO;Avenida;AMERICA;Sheyda Florindez
KFC 148 BAYOVAR ;LIMA;SAN JUAN DE LURIGANCHO;Avenida;PROCERES DE LA INDEPENDENCIA;Yeisll Diaz
DELOSI CALL CENTER ;LIMA;LIMA;Avenida;AREQUIPA;Mariaelena Quiroz
KFC 188 METRO VENTANILLA;CALLAO;VENTANILLA;Avenida;NESTOR GAMBETA;Mariaelena Quiroz
KFC191 MALL AVENTURA SJL FC;LIMA;SAN JUAN DE LURIGANCHO;Avenida;LURIGANCHO;Yeisll Diaz
KFC193 MALL AVENTURA SJL IL;LIMA;SAN JUAN DE LURIGANCHO;Avenida;LURIGANCHO;Yeisll Diaz
KFC176 MALL PLAZA COMAS;LIMA;COMAS;Avenida;LOS ANGELES;Paola Mija
KFC 192 IQUITOS;MAYNAS;IQUITOS;Avenida;CAPITAN JOSE ABELADO QUIÑONES ;Sheyda Florindez
KFC166 AVENIDA PERU;LIMA;SAN MARTIN DE PORRES;Avenida;PERU ;Paola Mija
SBUX 1 OVALO;LIMA;MIRAFLORES;Avenida;ANDRES SANTA CRUZ;Gabriela Varias
SBUX 2 JOCKEY;LIMA;SANTIAGO DE SURCO;Avenida;JAVIER PRADO ESTE;Gabriela Varias
SBUX 3 EL POLO;LIMA;SANTIAGO DE SURCO;Avenida;EL POLO ;Gabriela Varias
SBUX 4  COUNTRY;LIMA;SAN ISIDRO;Calle;LOS EUCALIPTOS ;Gabriela Varias
SBUX 5  MOLINA PLAZA;LIMA;LA MOLINA;Avenida;RAUL FERRERO REBAGLIATI;Gabriela Varias
SBUX 6 BEGONIAS;LIMA;SAN ISIDRO;Avenida;LAS BEGONIAS ;Gabriela Varias
SBUX 7  LARCO MAR;LIMA;MIRAFLORES;Avenida;MALECON DE LA RESERVA ;Gabriela Varias
SBUX 9 BENAVIDES - SURCO;LIMA;SANTIAGO DE SURCO;Avenida;BENAVIDES ALFREDO ;Gabriela Varias
SBUX 10, CONQUISTADORES;LIMA;SAN ISIDRO;Avenida;LOS CONQUISTADORES;Gabriela Varias
SBUX 11 PARQUE SUR;LIMA;SAN ISIDRO;Avenida;DEL PARQUE SUR;Gabriela Varias
SBUX 12 BENAVIDES -  TAIPEI;LIMA;MIRAFLORES;Avenida;ALFREDO BENAVIDES;Gabriela Varias
SBUX 13 CHACARILLA;LIMA;SANTIAGO DE SURCO;Jiron;MONTERREY ;Gabriela Varias
SBUX 14 MORELLI;LIMA;SAN BORJA;Calle;MORELLI;Gabriela Varias
SBUX 15 DIAGONAL;LIMA;MIRAFLORES;Avenida;MARISCAL OSCAR;Gabriela Varias
SBUX 16 MONITOR;LIMA;LA MOLINA;Avenida;JAVIER PRADO;Gabriela Varias
SBUX 17 SODIMAC;LIMA;SAN MIGUEL;Avenida;LA MARINA ;Gabriela Varias
SBUX 19 UPC;LIMA;SANTIAGO DE SURCO;Avenida;PRIMAVERA;Gabriela Varias
SBUX 20 LAP;CALLAO;CALLAO;Avenida;ELMER FAUCETT AREOPUERTO JORGE CHAVEZ MEZANINE NORTE;Gabriela Varias
SBUX 21 DASSO;LIMA;SAN ISIDRO;Avenida;VICTOR MAURTUA;Gabriela Varias
SBUX 22 TRUJILLO;TRUJILLO;TRUJILLO;Avenida;CESAR VALLEJO OESTE;Sheyda Florindez
SBUX 23 SAN MIGUEL;LIMA;SAN MIGUEL;Avenida;LA MARINA ;Gabriela Varias
SBUX 24 CHICLAYO;CHICLAYO;CHICLAYO;Avenida; MIGUEL DE CERVANTES;Sheyda Florindez
SBUX 25 BELLAVISTA;CALLAO;BELLAVISTA;Avenida;OSCAR R. BENAVIDES;Gabriela Varias
SBUX 26 MEGA PLAZA;LIMA;INDEPENDENCIA;Avenida;ALFREDO MENDIOLA ;Gabriela Varias
SBUX 27 DOS DE MAYO;LIMA;SAN ISIDRO;Avenida;CA.LAS FLORES;Gabriela Varias
SBUX 28 CENTRO CIVICO;LIMA;LIMA;Avenida;PASEO DE LA REPUBLICA;Gabriela Varias
SBUX 29 OPEN MARSANO;LIMA;SURQUILLO;Avenida;NUEVA TOMAS MARSANO;Gabriela Varias
SBUX 30 SUCRE;LIMA;PUEBLO LIBRE;Jiron;ANTONIO JOSE DE SUCRE;Gabriela Varias
SBUX 32 MERCADERES;AREQUIPA;AREQUIPA;Avenida;CALLE MERCADERES;Sheyda Florindez
SBUX 33 BEGONIAS 2;LIMA;SAN ISIDRO;Avenida;LAS BEGONIAS;Gabriela Varias
SBUX 34 CC REAL PLAZA PRIMAVERA;LIMA;SAN BORJA;Avenida;ANGAMOS ESTE ;Gabriela Varias
SBUX 35 OPEN PLAZA PIURA;PIURA;PIURA;Avenida;ANDRES A. CACERES;Sheyda Florindez
SBUX 36 CHACARILLA 2;LIMA;SANTIAGO DE SURCO;Avenida;VELASCO ASTETE ALEJANDRO;Gabriela Varias
SBUX 38 JUAN DE ALIAGA, MAGDALENA;LIMA;MAGDALENA DEL MAR;Avenida;MIROQUESADA ;Gabriela Varias
SBUX 39 PEDRO DE OSMA;LIMA;BARRANCO;Avenida;PEDRO DE OSMA;Gabriela Varias
SBUX 40 CASA LEURO;LIMA;MIRAFLORES;Avenida;28 DE JULIO;Gabriela Varias
SBUX 41 CUSCO;CUSCO;CUSCO;Avenida;LORETO;Sheyda Florindez
SBUX 42  REAL ONCE;LIMA;SAN ISIDRO;Avenida;BELAUNDE VICTOR A.;Gabriela Varias
SBUX 43 SAGA AREQUIPA;AREQUIPA;CAYMA;Avenida;EJERCITO;Sheyda Florindez
SBUX 44 PLAZA LIMA SUR;LIMA;CHORRILLOS;Avenida;PASEO DE LA REPUBLICA;Gabriela Varias
SBUX 45 PARDO;LIMA;MIRAFLORES;Avenida;JOSE PARDO;Gabriela Varias
SBUX 46 PLAZA LIMA NORTE 2;LIMA;INDEPENDENCIA;Avenida;ALFREDO MENDIOLA ;Gabriela Varias
SBUX 47 HOTEL MARRIOTT;LIMA;MIRAFLORES;Avenida;JOSE A. LARCO ;Gabriela Varias
SBUX 48 AVENTURA STA. ANITA;LIMA;SANTA ANITA;Avenida;CARRETERA CENTRAL;Gabriela Varias
SBUX 49 AVENTURA TRUJILLO;TRUJILLO;TRUJILLO;Avenida;AMERICA OESTE;Sheyda Florindez
SBUX 50 SAN BORJA NORTE;LIMA;SAN BORJA;Avenida;BOULEVARD DE SUCO ;Gabriela Varias
SBUX 51 MEGA PLAZA CHIMBOTE;SANTA;CHIMBOTE;Avenida;VÍCTOR RAÚL HAYA DE LA TORRE;Sheyda Florindez
SBUX 53 STRIP AURORA;LIMA;MIRAFLORES;Calle;JOSÉ SABOGAL;Gabriela Varias
SBUX 54 AVENTURA AREQUIPA;AREQUIPA;PAUCARPATA;Avenida;C.C.MALL AVENTURA PLAZA;Sheyda Florindez
SBUX 55 CC SAN BORJA MODULO;LIMA;SAN BORJA;Avenida;JAVIER PRADO ESTE;Gabriela Varias
SBUX 56 REAL PLAZA HUANCAYO;HUANCAYO;HUANCAYO;Avenida;FERROCARRIL;Sheyda Florindez
SBUX 57 CASA WELSCH JR. DE LA UNION;LIMA;LIMA;Jiron;UNION;Gabriela Varias
SBUX 58 GREENBUILDING, SAN ISIDRO;LIMA;SAN ISIDRO;Calle;LAS ORQUIDEAS;Gabriela Varias
SBUX 59 CÁMARA DE COMERCIO DE LIMA;LIMA;JESUS MARIA;Avenida;GIUSEPPE GARIBALDI - ESQ. HUIRACOCHA N° 2199;Gabriela Varias
SBUX 60 REAL PLAZA PIURA;PIURA;PIURA;Avenida;SANCHEZ CERRO ;Sheyda Florindez
SBUX 61 CRONOS;LIMA;SANTIAGO DE SURCO;Avenida;EL DERBY;Gabriela Varias
SBUX 62 PRIMAVERA;LIMA;SANTIAGO DE SURCO;Avenida;PRIMAVERA;Gabriela Varias
SBUX 63 CENTRO CIVICO 2 MODULO;LIMA;LIMA;Avenida;INCA GARCILASO DE LA VEGA;Gabriela Varias
SBUX 64 DOS DE MAYO;LIMA;SAN ISIDRO;Avenida;DOS DE MAYO;Gabriela Varias
SBUX 65 PASEO LIBERTAD;LIMA;PUEBLO LIBRE;Jiron;PASEO LIBERTAD;Gabriela Varias
SBUX 66 AREQUIPA;LIMA;LIMA;Avenida;CABO TEODORO CÁRDENAS ;Gabriela Varias
SBUX 67 CC LA FONTANA;LIMA;LA MOLINA;Avenida;LA FONTANA ;Gabriela Varias
SBUX 68 CANAVAL Y MOREYRA;LIMA;SAN ISIDRO;Avenida;CANAVAL Y MOREYRA;Gabriela Varias
SBUX 69 EL QUINDE, ICA;ICA;ICA;Avenida;LOS MAESTROS ;Sheyda Florindez
SBUX 70 BREA Y PARIÑAS;LIMA;SANTIAGO DE SURCO;Avenida;CAMINOS DEL INCA;Gabriela Varias
SBUX 71 REAL PLAZA CUZCO;CUSCO;CUSCO;Avenida;COLLASUYO;Sheyda Florindez
SBUX 72 STRIP MALL 28 DE JULIO;LIMA;MIRAFLORES;Avenida;28 DE JULIO;Gabriela Varias
SBUX 73 REAL PLAZA SALAVERRY;LIMA;JESUS MARIA;Avenida;RESIDENCIAL SALAVERRY;Gabriela Varias
SBUX 74 LOPEZ DE AYALA;LIMA;SAN BORJA;Avenida;SAN LUIS ;Gabriela Varias
SBUX 75 CASTILLA CON LA CASTELLANA ;LIMA;SANTIAGO DE SURCO;Avenida;PASEO DE LA CASTELLANA;Gabriela Varias
SBUX 76 REAL PLAZA CAJAMARCA;CAJAMARCA;CAJAMARCA;Avenida;VIA DE EVITAMIENTO NORTE ;Sheyda Florindez
SBUX 77 PASO CAMINO DEL INCA;LIMA;SANTIAGO DE SURCO;Avenida;CAMINOS DEL INCA;Gabriela Varias
SBUX 78 LA RAMBLA;LIMA;BREÑA;Avenida;BRASIL;Gabriela Varias
SBUX 79 TARATA ;LIMA;MIRAFLORES;Avenida;JOSE LARCO;Gabriela Varias
SBUX 80 C.C. MALL DEL SUR 1;LIMA;SAN JUAN DE MIRAFLORES;Avenida;PEDRO MIOTA ;Gabriela Varias
SBUX 81 UNIV. DE LIMA;LIMA;SANTIAGO DE SURCO;Avenida;CAMPUS UNIVERSIDAD DE LIMA;Gabriela Varias
SBUX 82 GARZON ;LIMA;JESUS MARIA;Avenida;GENERAL GARZÓN;Gabriela Varias
SBUX 83 LA MOLINA;LIMA;LA MOLINA;Calle;CALLE 7;Gabriela Varias
SBUX 84 MEGA PLAZA 2;LIMA;INDEPENDENCIA;Avenida;ALFREDO MENDIOLA;Gabriela Varias
SBUX 85 UPC SAN ISIDRO ;LIMA;SAN ISIDRO;Avenida;GRAL. FELIPE SALAVERRY;Gabriela Varias
SBUX 87 PLAZA VEA BOLICHERA;LIMA;SANTIAGO DE SURCO;Avenida;LOS PRÓCERES ;Gabriela Varias
SBUX 88 OP HUANCAYO;HUANCAYO;HUANCAYO;Avenida;FERROCARRIL;Sheyda Florindez
SBUX 89 RP AREQUIPA;AREQUIPA;CAYMA;Avenida;EJERCITO;Sheyda Florindez
SBUX 90 MINKA;CALLAO;CALLAO;Avenida;ARGENTINA;Gabriela Varias
SBUX 91 KIO;LIMA;LURIN;Avenida;FRENTE A LA CARRETERA PANAMERICANA SUR;Gabriela Varias
SBUX 92 MALL DEL SUR 2;LIMA;SAN JUAN DE MIRAFLORES;Avenida;PEDRO MIOTA;Gabriela Varias
SBUX 93 VILLA MARÍA DEL TRIUNFO;LIMA;VILLA MARIA DEL TRIUNFO;Avenida;PACHACUTEC ;Gabriela Varias
SBUX 94 MATELLINI;LIMA;CHORRILLOS;Avenida;PROLONGACIÓN PASEO DE LA REPÚBLICA ;Gabriela Varias
SBUX 95 PLAZA SOL DE ICA ;ICA;ICA;Avenida;SAN MARTÍN;Sheyda Florindez
SBUX 97 OVALO BOLOGNESI  ;LIMA;MIRAFLORES;Avenida;JIRÓN BOLOGNESI;Gabriela Varias
SBUX 98 CLINICA INTERNACIONAL SAN BORJA;LIMA;SAN BORJA;Avenida;GUARDIA CIVIL;Gabriela Varias
SBUX 99 PEDRO VENTURO ;LIMA;SANTIAGO DE SURCO;Avenida;PEDRO VENTURO ;Gabriela Varias
SBUX 100 UPC VILLA ;LIMA;CHORRILLOS;Avenida;ALAMEDA SAN MARCOS;Gabriela Varias
SBUX 105 LA MAR;LIMA;MIRAFLORES;Avenida;MARISCAL LA MAR;Gabriela Varias
SBUX 101 ATOCONGO;LIMA;SAN JUAN DE MIRAFLORES;Avenida;CIRCUNVALACION;Gabriela Varias
SBUX 103 LAP2 AEROPUERTO;CALLAO;CALLAO;Avenida;AEROPUERTO JORGE CHAVEZ AREA ESPIGON NACIONAL;Gabriela Varias
SBUX 106 METRO CANADA;LIMA;LA VICTORIA;Avenida;CANADÁ;Gabriela Varias
SBUX 107 CLINICA DELGADO;LIMA;MIRAFLORES;Avenida;ANGAMOS OESTE;Gabriela Varias
SBUX 108 PLAZA LIMA NORTE 2;LIMA;INDEPENDENCIA;Avenida;ALFREDO MENDIOLA;Gabriela Varias
SBUX 109 JOCKEY PLAZA 2;LIMA;SANTIAGO DE SURCO;Avenida;JAVIER PRADO ESTE ;Gabriela Varias
SBUX 110 JACARANDA;LIMA;SANTIAGO DE SURCO;Avenida;JACARANDA;Gabriela Varias
SBUX 111 PATIO PANORAMA;LIMA;SANTIAGO DE SURCO;Avenida;CIRCUNVALACIÓN DEL CLUB GOLF LOS INCAS ;Gabriela Varias
SBUX 112 PURUCHUCO 1;LIMA;ATE;Avenida;NICOLAS AYLLON;Gabriela Varias
SBUX 113 PURUCHUCO 2;LIMA;ATE;Avenida;NICOLAS AYLLON ;Gabriela Varias
SBUX 115 RIPLEY JOCKEY;LIMA;SANTIAGO DE SURCO;Avenida;JAVIER PRADO ESTE;Gabriela Varias
SBUX 116 AAP AQP - AREQUIPA;AREQUIPA;CERRO COLORADO;Avenida;AEROPUERTO INTERNACIONAL TNTE. FAP “ALFREDO RODRÍGUEZ BALLÓN”;Sheyda Florindez
SBUX 119 MALL AVENTURA CHICLAYO;CHICLAYO;CHICLAYO;Avenida;PANAMERICANA;Sheyda Florindez
SBUX 118 WONG SAN MIGUEL ;LIMA;SAN MIGUEL;Avenida;LA MARINA ;Gabriela Varias
SBUX 122 WONG MIRAFLORES;LIMA;MIRAFLORES;Avenida;ALFREDO BENAVIDES;Gabriela Varias
SBUX 121 MALL PLAZA COMAS;LIMA;COMAS;Avenida;LOS ANGELES;Gabriela Varias
SBUX CLÍNICA SAN FELIPE;LIMA;JESUS MARIA;Avenida;GREGORIO ESCOBEDO;Gabriela Varias
SBUX123 CAMACHO;LIMA;LA MOLINA;Avenida;LOS FRUTALES;Gabriela Varias
SB126 KIOSKO CENCOSUD;LIMA;LA MOLINA;Avenida;RAUL FERRERO  ;Gabriela Varias
SBUX128 PISO 3 MA SJL;LIMA;SAN JUAN DE MIRAFLORES;Avenida;LURIGANCHO;Gabriela Varias
SBUX127 PISO 2 MA SJL;LIMA;SAN JUAN DE LURIGANCHO;Avenida;LURIGANCHO;Gabriela Varias
SBUX132 JULIACA ;SAN ROMAN;JULIACA;Jiron;TUMBES  ;Sheyda Florindez
SB133 EJERCITO;LIMA;SAN ISIDRO;Avenida;AUGUSTO PEREZ ANIBAL ;Gabriela Varias
STARBUCKS 125 TORRE DEL PARQUE;LIMA;SAN ISIDRO;Calle;LAS BEGONIAS;Gabriela Varias
STARBUCKS 135 PLACITA VES;LIMA;VILLA EL SALVADOR;Sin tipo;PARQUE INDUSTRIAL;Gabriela Varias
MT 01 AV. SANTA CRUZ;LIMA;MIRAFLORES;Avenida;SANTA CRUZ ;Sara Cordero
MT 03 C.C. SALAVERRY;LIMA;JESUS MARIA;Avenida;GENERAL FELIPE SALAVERRY;Sara Cordero
MT 02 C.C. EL PASO 28 DE JULIO;LIMA;MIRAFLORES;Avenida;28 DE JULIO ;Sara Cordero
MT 04 SAN BORJA;LIMA;SAN BORJA;Avenida;CALLE MORELLI;Sara Cordero
MT 05 CHACARILLA ;LIMA;SAN BORJA;Avenida;CALLE MATAMOROS;Sara Cordero
MT 06 SAN MIGUEL;LIMA;SAN MIGUEL;Calle; MANTARO CDRA 3;Sara Cordero
MT 08 C.C. JOCKEY PLAZA;LIMA;SANTIAGO DE SURCO;Avenida;JAVIER PRADO ESTE ;Sara Cordero
MT 09 PURUCHUCO ATE VITARTE;LIMA;ATE;Avenida;NICOLAS AYLLON;Sara Cordero
MT 07 MEGA PLAZA;LIMA;INDEPENDENCIA;Avenida;ALFREDO MENDIOLA;Sara Cordero
MT11 GARDENIAS;LIMA;SANTIAGO DE SURCO;Avenida;ALFREDO BENAVIDES ;Sara Cordero
MT12 DP DOS DE MAYO;LIMA;SAN ISIDRO;Avenida;DOS DE MAYO;Sara Cordero
MT13 SUCRE;LIMA;PUEBLO LIBRE;Avenida;JR. PASEO LIBERTAD;Katherine Gutierrez
MT016 PLAZA NORTE;LIMA;INDEPENDENCIA;Avenida;ALFREDO MENDIOLA;Sara Cordero
WANTA MALL DEL SUR;LIMA;SAN JUAN DE MIRAFLORES;Avenida;LOS LIRIOS;Sara Cordero
WANTA 02 MA SJL;LIMA;SAN JUAN DE LURIGANCHO;Avenida;LURIGANCHO;Sara Cordero
PB 1 OVALO GUTIERREZ ;LIMA;MIRAFLORES;Avenida;SANTA CRUZ;Gabriela Varias
PB 3 DIAGONAL ;LIMA;MIRAFLORES;Avenida;MCAL. OSCAR R. BENAVIDES;Gabriela Varias
PB 4 CC JOCKEY PLAZA ;LIMA;SANTIAGO DE SURCO;Avenida;JAVIER PRADO ESTE;Gabriela Varias
PB 7 EL POLO;LIMA;SANTIAGO DE SURCO;Avenida;EL POLO;Gabriela Varias
PB 5 OPEN PLAZA ANGAMOS;LIMA;SURQUILLO;Avenida;NUEVA TOMAS MARSANO;Gabriela Varias
PB 6 CC REAL PLAZA PRIMAVERA;LIMA;SAN BORJA;Avenida;ANGAMOS ESTE ( C.C. REAL PLAZA PRIMAVERA);Gabriela Varias
PB 8 CENTRO CIVICO;LIMA;LIMA;Avenida;INCA GARCILAZO DE LA VEGA;Gabriela Varias
PB 9 MEGA PLAZA;LIMA;INDEPENDENCIA;Avenida;ALFREDO MENDIOLA ;Gabriela Varias
PB 11 AVENTURA STA. ANITA;LIMA;SANTA ANITA;Avenida;CARRETERA CENTRAL;Gabriela Varias
PB 12 AVENTURA TRUJILLO;TRUJILLO;TRUJILLO;Avenida;AMERICA OESTE;Sheyda Florindez
PB 13 CC SAN BORJA;LIMA;SAN BORJA;Avenida;JAVIER PRADO ESTE ;Gabriela Varias
PB 15 PZA. LIMA NORTE;LIMA;INDEPENDENCIA;Avenida;ALFREDO MENDIOLA;Gabriela Varias
PB 16 REAL PZA. PIURA;PIURA;PIURA;Avenida;SANCHEZ CERRO;Sheyda Florindez
PB 17 CC LARCOMAR;LIMA;MIRAFLORES;Avenida;LARCOMAR, MALECÓN DE LA RESERVA ;Gabriela Varias
PB 18 BREA Y PARIÑAS;LIMA;SANTIAGO DE SURCO;Avenida;CAMINOS DEL INCA ;Gabriela Varias
PB 20 REAL PZA. CUSCO;CUSCO;CUSCO;Avenida;AVENIDA COLLASUYO ;Sheyda Florindez
PB 19 SALAVERRY;LIMA;JESUS MARIA;Avenida;GRAL. FELIPE SALAVERRY;Gabriela Varias
PB 23 PLAZA SAN MIGUEL;LIMA;SAN MIGUEL;Avenida;LA MARINA;Gabriela Varias
PB 24 MALL DEL SUR ;LIMA;SAN JUAN DE MIRAFLORES;Avenida;PEDRO MIOTA;Gabriela Varias
PB25 PURUCHUCO;LIMA;ATE;Avenida;NICOLAS AYLLÓN;Gabriela Varias
BK 2 LARCO;LIMA;MIRAFLORES;Avenida;JOSE A. LARCO ;Ereni Valdivia
BK 7 PEZET;LIMA;SAN ISIDRO;Avenida;GRAL. JUAN ANTONIO PEZET;Ereni Valdivia
BK 8 C.C. MOLINA PLAZA;LIMA;LA MOLINA;Avenida;RAÚL FERRERO REBAGLIATI;Ereni Valdivia
BK 10 C.C. JOCKEY PLAZA FC;LIMA;SANTIAGO DE SURCO;Avenida;AV JAVIER PARDO ESTE;Ereni Valdivia
BK 12 SAGA FALABELLA FC;LIMA;SAN ISIDRO;Avenida;LAS BEGONIAS;Ereni Valdivia
BK 14 C.C. REAL PLAZA PRIMAVERA;LIMA;SAN BORJA;Avenida;ANGAMOS ESTE;Ereni Valdivia
BK 15 C.C. LARCO MAR;LIMA;MIRAFLORES;Avenida;MALECON DE LA RESERVA;Ereni Valdivia
BK 17 C.C. MEGA PLAZA INDEP.;LIMA;INDEPENDENCIA;Avenida;ALFREDO MENDIOLA ;Ereni Valdivia
BK 18 C.C. PLAZA LIMA SUR;LIMA;CHORRILLOS;Avenida;PRLG. PASEO DE LA REPUBLICA;Ereni Valdivia
BK 22 HUANCAYO;HUANCAYO;HUANCAYO;Avenida;FERROCARRIL;Sheyda Florindez
BK 24 C.C. CENTRO CIVICO;LIMA;LIMA;Avenida;INCA GARCILAZO DE LA VEGA;Ereni Valdivia
BK 25 SOL DE ICA;ICA;ICA;Avenida;SAN MARTIN;Sheyda Florindez
BK 26 OPEN PLAZA MARSANO;LIMA;SURQUILLO;Avenida;NUEVA TOMAS MARSANO;Ereni Valdivia
BK 27 KIOSKO ICA;ICA;ICA;Plaza;SAN MARTIN ;Sheyda Florindez
BK 28 KIOSKO MARSANO;LIMA;SURQUILLO;Avenida;NUEVA TOMAS MARSANO;Ereni Valdivia
BK 31 MERCADERES;AREQUIPA;AREQUIPA;Avenida;CALLE MERCADERES;Sheyda Florindez
BK 32 PIURA;PIURA;CASTILLA;Avenida;CACERES;Sheyda Florindez
BK 33 KIOSKO PIURA;PIURA;CASTILLA;Avenida;AVELINO CACERES;Sheyda Florindez
BK 35 KIOSKO CC CENTRO CIVICO;LIMA;LIMA;Avenida;INCA GARCILAZO DE LA VEGA;Ereni Valdivia
BK 38 KIOSKO HUANCAYO;HUANCAYO;HUANCAYO;Avenida;FERROCARRIL;Sheyda Florindez
BK 39 CAMACHO GRIFO REPSOL;LIMA;LA MOLINA;Avenida;LOS FRUTALES;Ereni Valdivia
BK 40 ROYAL PLAZA;LIMA;INDEPENDENCIA;Avenida;CARLOS IZAGUIRRE;Ereni Valdivia
BK 41 KIOSKO REAL PLAZA PRIMAVERA;LIMA;SAN BORJA;Avenida;ANGAMOS ESTE;Ereni Valdivia
BK 42 KIOSKO MERCADERES;AREQUIPA;AREQUIPA;Calle;MERCADERES;Sheyda Florindez
BK 44 KIOSKO MEGA PLAZA;LIMA;INDEPENDENCIA;Avenida;ALFREDO MENDIOLA;Ereni Valdivia
BK 45 KIOSKO TOTTUS JOCKEY PLAZA;LIMA;SANTIAGO DE SURCO;Avenida;JAVIER PRADO ESTE ;Ereni Valdivia
BK 48 LA MERCED;LIMA;MIRAFLORES;Avenida;ALFREDO BENAVIDES;Ereni Valdivia
BK 49 CAVENECIA;LIMA;MIRAFLORES;Avenida;EMILIO CAVENECIA;Ereni Valdivia
BK 51 AVENTURA PLAZA STA. ANITA;LIMA;SANTA ANITA;Avenida;CARRETERA CENTRAL ;Ereni Valdivia
BK52 MEGA PLAZA CHIMBOTE;SANTA;CHIMBOTE;Alameda;VÍCTOR RAÚL HAYA DE LA TORRE;Sheyda Florindez
BK 54 CC SAN BORJA FOOD COURT;LIMA;SAN BORJA;Avenida;CARPACCIO;Ereni Valdivia
BK 56 KIOSKO MEGA PLAZA CHIMBOTE;SANTA;CHIMBOTE;Avenida;V.R.H. DE LA TORRE;Sheyda Florindez
BK 55 KIOSKO CC LA RAMBLA;LIMA;SAN BORJA;Avenida;CARPACCIO ;Ereni Valdivia
BK 57 REPSOL PRECURSORES;LIMA;SANTIAGO DE SURCO;Avenida;PRIMAVERA;Ereni Valdivia
BK 58 PLAZA LIMA NORTE;LIMA;INDEPENDENCIA;Avenida;ALFREDO MENDIOLA;Ereni Valdivia
BK 59 CHACARILLA - BREA Y PARIÑAS;LIMA;SANTIAGO DE SURCO;Avenida;CAMINOS DEL INCA ;Ereni Valdivia
BK 60 REAL PZA. CUSCO;CUSCO;CUSCO;Avenida;COLLASUYO;Sheyda Florindez
BK 61 KIOSCO PZA. LIMA NORTE;LIMA;INDEPENDENCIA;Avenida;ALFREDO MENDIOLA;Ereni Valdivia
BK 62 KIOSCO REAL PZA. PIURA;PIURA;PIURA;Avenida;SANCHEZ CERRO;Sheyda Florindez
BK 63 KIOSKO C.C. REAL PLAZA CUSCO;CUSCO;CUSCO;Avenida;COLLASUYO;Sheyda Florindez
BK 64 C.C. SALAVERRY;LIMA;JESUS MARIA;Avenida;GRAL. FELIPE SALAVERRY;Ereni Valdivia
BK 65 KIOSKO PLAZA LIMA SUR;LIMA;CHORRILLOS;Avenida;PROL.PASEO D LA REPUBLICA;Ereni Valdivia
BK 66 C.C. LA RAMBLA BREÑA;LIMA;BREÑA;Avenida;BRASIL;Ereni Valdivia
BK 67 KIOSKO RAMBLA BRASIL;LIMA;BREÑA;Avenida;BRASIL;Ereni Valdivia
BK 70 MALL DEL SUR ;LIMA;SAN JUAN DE MIRAFLORES;Avenida;PEDRO MIOTA ;Ereni Valdivia
BK 71 KIOSKO MALL DEL SUR;LIMA;SAN JUAN DE MIRAFLORES;Avenida;PEDRO MIOTA ;Ereni Valdivia
BK 72 GARDENIAS;LIMA;SANTIAGO DE SURCO;Avenida;ALFREDO BENAVIDES;Ereni Valdivia
BK 73 TRUJILLO;TRUJILLO;TRUJILLO;Avenida;FÁTIMA;Sheyda Florindez
BK 75 PURUCHUCO;LIMA;ATE;Avenida;NICOLAS AYLLON;Ereni Valdivia
BK76 KIOSKO PURUCHUCO;LIMA;ATE;Avenida;NICOLAS AYLLON;Ereni Valdivia
BK78 VMT;LIMA;VILLA MARIA DEL TRIUNFO;Avenida;PACHACUTEC;Ereni Valdivia
BK81 PSM - PLAZA SAN MIGUEL;LIMA;SAN MIGUEL;Avenida;CENTRO COMERCIAL PLAZA SAN MIGUEL, LA MARINA CON UNIVERSITARIA;Ereni Valdivia
BK 82 PURUCHUCO;LIMA;ATE;Avenida;NICOLAS AYLLON;Ereni Valdivia
BK84 MPC - MALL PLAZA COMAS;LIMA;COMAS;Avenida;LOS ÁNGELES;Ereni Valdivia
BK 85 MALL AVENTURA CHICLAYO;CHICLAYO;CHICLAYO;Avenida;PANAMERICANA ;Sheyda Florindez
BK 86 KIOSKO MALL AVENTURA CHICLAYO;CHICLAYO;CHICLAYO;Avenida;PANAMERICANA;Sheyda Florindez
BK79 KIOSKO VMT;LIMA;VILLA MARIA DEL TRIUNFO;Avenida;PACHACUTEC;Ereni Valdivia
BK90 MALL AVENTURA SJL FC;LIMA;SAN JUAN DE LURIGANCHO;Avenida;LURIGANCHO;Ereni Valdivia
TP_02 - C.C. MEGA PLAZA CAÑETE;CAÑETE;SAN VICENTE DE CAÑETE;Avenida;MRCAL OSCAR BENAVIDES;Sheyda Florindez
TP_03 - C.C. MEGA PLAZA CHINCHA;CHINCHA;CHINCHA ALTA;Sin tipo;MARISCAL BENAVIDES ;Sheyda Florindez
TP_04 MEGAPLAZA VILLA CHORRILLOS;LIMA;CHORRILLOS;Alameda;SUR ESQ AV SAN MARCOS;Katherine Gutierrez
TP_05 - C.C. LA RAMBLA BRASIL;LIMA;BREÑA;Avenida;BRASIL;Mariaelena Quiroz
TP_06 - PLAZAVEA VENTANILLA ;CALLAO;VENTANILLA;Avenida;AV. NESTOR GAMBETA;Mariaelena Quiroz
TP_08 RP CAJAMARCA;CAJAMARCA;CAJAMARCA;Avenida;EVITAMIENTO NORTE;Sheyda Florindez
TP_12 TOTTUS CAMPOY;LIMA;SAN JUAN DE LURIGANCHO;Sin tipo;MALECON CHECA ;Yeisll Diaz
TP_14 PUENTE PIEDRA;LIMA;PUENTE PIEDRA;Avenida;SAENZ PEÑA;Paola Mija
TP_17 PLAZA VEA LURIN;LIMA;LURIN;Avenida;ANTIGUA PANAMERICANA SUR;Yeisll Diaz
TP 20 METRO FAUCETT;LIMA;SAN MIGUEL;Avenida;REPUBLICA DE VENEZUELA;Mariaelena Quiroz
TP_21 REAL PLAZA CHORRILLOS;LIMA;CHORRILLOS;Avenida;GUARDIA CIVIL;Katherine Gutierrez
TP_15 RP SANTA CLARA;LIMA;ATE;Avenida;NICOLÁS AYLLÓN ;Yeisll Diaz
TELD1 PEDRO VENTURO;LIMA;SANTIAGO DE SURCO;Avenida;PEDRO VENTURO;Yeisll Diaz
TELD2 CRUCETAS;LIMA;SANTIAGO DE SURCO;Avenida;GUARDIA CIVIL NORTE;Yeisll Diaz
TELD3 CONTISUYO;LIMA;SAN MIGUEL;Avenida;ELMER FAUCETT;Mariaelena Quiroz
TELD 4 PRIMAVERA;LIMA;SANTIAGO DE SURCO;Avenida;PRIMAVERA;Yeisll Diaz
TELD 6 AVIACIÓN ;LIMA;SAN BORJA;Avenida;AVIACION;Yeisll Diaz
TELD 8 FAUCETT;CALLAO;CALLAO;Avenida;ELMER FAUCETT;Mariaelena Quiroz
TELD 10 JUAN DE ALIAGA;LIMA;MAGDALENA DEL MAR;Avenida;MIROQUESADA;Mariaelena Quiroz
TELD 11 AV. UNIVERSITARIA;LIMA;SAN MIGUEL;Avenida;UNIVERSITARIA;Mariaelena Quiroz
TELD 12 ARAMBURU;LIMA;SURQUILLO;Avenida;ARAMBURU ANDRES;Yeisll Diaz
TELD 13  BOLIVAR /GRIFO ABA SINGER;LIMA;PUEBLO LIBRE;Avenida;SIMON BOLIVAR;Katherine Gutierrez
TELD 14 LA MERCED;LIMA;MIRAFLORES;Avenida;ALFREDO BENAVIDES;Katherine Gutierrez
TELD 15 OVALO LARCO, TRUJILLO;TRUJILLO;TRUJILLO;Avenida;VICTOR LARCO ;Sheyda Florindez
TELD 16 MALAGUEÑA;LIMA;SAN LUIS;Avenida;CANADÁ;Yeisll Diaz
TELD 18 TOTTUS GUIPOR;LIMA;LOS OLIVOS;Avenida;MENDIOLA, ALFREDO ;Paola Mija
TELD 19 CHORRILLOS;LIMA;CHORRILLOS;Avenida;DEFENSORES DEL MORRO;Katherine Gutierrez
TELD 20 ANTUNEZ DE MAYOLO;LIMA;LOS OLIVOS;Avenida;SANTIA. ANTUNEZ DE MAYOLO ;Paola Mija
TELD 22 AREQUIPA;LIMA;LIMA;Jiron;CABO TEODORO CÁRDENAS;Yeisll Diaz
TELD 24 LA MOLINA;LIMA;LA MOLINA;Avenida;7;Mariaelena Quiroz
TELD 025 VENEZUELA;LIMA;BREÑA;Avenida;VENEZUELA;Mariaelena Quiroz
TELD 26 SAN JUAN ;LIMA;SAN JUAN DE MIRAFLORES;Sin tipo;SAN JUAN;Yeisll Diaz
TELD 27 TOMAS VALLE;CALLAO;CALLAO;Avenida;TOMÁS VALLE ;Mariaelena Quiroz
TELD 28 SAN CARLOS;LIMA;SAN JUAN DE LURIGANCHO;Avenida;SAN CARLOS ;Yeisll Diaz
TELD 29 JARDINES;LIMA;SAN JUAN DE LURIGANCHO;Avenida;PROCERES DE LA INDEPENDENCIA;Yeisll Diaz
TEL PD30 RP PURUCHUCO;LIMA;ATE;Avenida;NICOLAS AYLLON;Yeisll Diaz
TEL 1 ESPINAR ;LIMA;MIRAFLORES;Calle;2 DE MAYO;Katherine Gutierrez
TEL 2 BENAVIDES;LIMA;SANTIAGO DE SURCO;Calle;ALDABAS ;Yeisll Diaz
TEL 3 CAMACHO;LIMA;LA MOLINA;Avenida;JAVIER PRADO ESTE;Mariaelena Quiroz
TEL 5 LIMA;LIMA;LIMA;Avenida;NICOLAS DE PIEROLA;Yeisll Diaz
TEL 6 SAN MIGUEL;LIMA;SAN MIGUEL;Avenida;LA MARINA;Mariaelena Quiroz
TEL 7 SAN ISIDRO;LIMA;SAN ISIDRO;Avenida;DOS DE MAYO;Yeisll Diaz
TEL 9 LA MOLINA;LIMA;LA MOLINA;Avenida;RAÚL FERRERO ;Mariaelena Quiroz
TEL 12 CANADÁ;LIMA;LA VICTORIA;Avenida;CANADA;Yeisll Diaz
TEL 13 SUCRE;LIMA;PUEBLO LIBRE;Avenida;BOLIVAR;Katherine Gutierrez
TEL 14 JOCKEY PLAZA;LIMA;SANTIAGO DE SURCO;Avenida;JAVIER PRADO ESTE ;Yeisll Diaz
TEL 15 ARMENDARIZ;LIMA;MIRAFLORES;Avenida;ARMENDARIZ;Katherine Gutierrez
TEL 16 JOCKEY ;LIMA;SANTIAGO DE SURCO;Avenida;JAVIER PRADO ESTE ;Yeisll Diaz
TEL 17 SANTA ANITA;LIMA;SANTA ANITA;Calle;LAS ALONDRAS;Yeisll Diaz
TEL 18 SAGA;LIMA;SAN ISIDRO;Avenida;LAS BEGONIAS;Yeisll Diaz
TEL 19 LARCO;LIMA;MIRAFLORES;Avenida;JOSE A. LARCO;Katherine Gutierrez
TEL 20 LIMATAMBO;LIMA;SAN BORJA;Avenida;ANGAMOS ESTE;Yeisll Diaz
TEL 21 LARCO MAR;LIMA;MIRAFLORES;Avenida;MALECON DE LA RESERVA;Katherine Gutierrez
TEL 23 FC MEGA PLAZA;LIMA;INDEPENDENCIA;Avenida;ALFREDO MENDIOLA ;Paola Mija
TEL 24 RBD MEGA PLAZA;LIMA;INDEPENDENCIA;Avenida;ALFREDO MENDIOLA ;Paola Mija
TEL 25 CÁNEPA;LIMA;LA VICTORIA;Jiron;ANTONIO BAZO ;Yeisll Diaz
TEL 26 ROYAL PLAZA;LIMA;INDEPENDENCIA;Avenida;CARLOS IZAGUIRRE;Paola Mija
TEL 28 CHORRILLOS;LIMA;CHORRILLOS;Avenida;PASEO DE LA REPUBLICA;Katherine Gutierrez
TEL 29 LIMA SUR CHORRILLOS;LIMA;CHORRILLOS;PROLG.;PASEO DE LA REPUBLICA;Katherine Gutierrez
TEL 30 REAL PLAZA CHICLAYO ;CHICLAYO;CHICLAYO;Avenida;MURO Y DIEGO FERRE - MIGUEL DE CERVANTES;Sheyda Florindez
TEL 33 COMAS;LIMA;COMAS;Avenida;TUPAC AMARU ;Paola Mija
TEL 35 REAL PLAZA TRUJILLO;TRUJILLO;TRUJILLO;Avenida;CESAR VALLEJO;Sheyda Florindez
TEL 36 MALL PLAZA;TRUJILLO;TRUJILLO;Avenida;AMERICA OESTE;Sheyda Florindez
TEL 37 ATOCONGO;LIMA;SAN JUAN DE MIRAFLORES;Avenida;CIRCUNVALACION ;Yeisll Diaz
TEL 39 HUANCAYO;HUANCAYO;HUANCAYO;Avenida;FERROCARRIL C.C. REAL PLAZA;Sheyda Florindez
TEL 40 ICA;ICA;ICA;Avenida;SAN MARTIN ;Sheyda Florindez
TEL 41 CENTRO CÍVICO;LIMA;LIMA;Avenida;INCA GARCILAZO DE LA VEGA ;Yeisll Diaz
TEL 42 OPEN MARSANO;LIMA;SURQUILLO;Avenida;NUEVA TOMAS MARSANO;Yeisll Diaz
TEL 43 MERCADERES;AREQUIPA;AREQUIPA;Calle;MERCADERES;Sheyda Florindez
TEL 44 OP PIURA;PIURA;PIURA;Avenida;CACERES;Sheyda Florindez
TEL 45 HUACHO;HUAURA;HUACHO;Calle;COLON (C.C. PLAZA DEL SOL HUACHO);Sheyda Florindez
TEL 46 PQ. ARARUCO;AREQUIPA;AREQUIPA;Avenida;LAMBRAMANI;Sheyda Florindez
TEL48 PIURA;PIURA;PIURA;Avenida;ANDRES AVELINO CACERES;Sheyda Florindez
TEL 49 PARQUE AGUSTINO;LIMA;EL AGUSTINO;Jiron;ANCASH;Yeisll Diaz
TEL 50 EL QUINDE;CAJAMARCA;CAJAMARCA;Jiron;SOR MANUELA GIL;Sheyda Florindez
TEL 52 MEGA PLAZA CHIMBOTE;SANTA;CHIMBOTE;Avenida;V. R. H. DE LA TORRE - MEGAPLAZA CHIMBOTE;Sheyda Florindez
TEL 53 FOOD COURT AVENTURA STA. ANITA;LIMA;SANTA ANITA;Avenida;CARRETERA CENTRAL;Yeisll Diaz
TEL 54 ACDR AVENTURA STA. ANITA;LIMA;SANTA ANITA;Avenida;CARRETERA CENTRAL;Yeisll Diaz
TEL 55 CC SAN BORJA;LIMA;SAN BORJA;Jiron;CARPACCIO ;Yeisll Diaz
TEL 56 AVENTURA PLAZA TRUJILLO ACDR;TRUJILLO;TRUJILLO;Avenida;AMERICA OESTE ( C.C.MALL AVEN.PZA.);Sheyda Florindez
TEL 57 BELLAVISTA FOOD COURT;CALLAO;BELLAVISTA;Avenida;OSCAR R. BENAVIDES (  MALL AVENTURA PLAZA );Mariaelena Quiroz
TEL 58 PLAZA LIMA NORTE;LIMA;INDEPENDENCIA;Avenida;ALFREDO MENDIOLA;Paola Mija
TEL 59 REAL PLAZA PIURA;PIURA;PIURA;Avenida;SANCHEZ CERRO;Sheyda Florindez
TEL 60 C. C. REAL PZA. HUANUCO;HUANUCO;HUANUCO;Jiron;NDEPENDENCIA;Sheyda Florindez
TEL 61 REAL PLAZA JULIACA;SAN ROMAN;JULIACA;Jiron;TUMBES ;Sheyda Florindez
TEL 62 EL QUINDE ICA;ICA;ICA;Avenida;DE LOS MAESTROS ( C.C MEGA PLAZA );Sheyda Florindez
TEL 63 OPEN PZA. PUCALLPA;CORONEL PORTILLO;CALLERIA;Avenida;CENTENARIO;Sheyda Florindez
TEL 64 C.C. SALAVERRY;LIMA;JESUS MARIA;Avenida;GRAL. FELIPE SALAVERRY;Mariaelena Quiroz
TEL 65 -REAL PLAZA PUCALLPA;CORONEL PORTILLO;CALLERIA;Avenida;CENTENARIO ( C.C. RP PUCALLPA );Sheyda Florindez
TEL 66 C.C. MALL DEL SUR;LIMA;SAN JUAN DE MIRAFLORES;Avenida;PEDRO MIOTA;Yeisll Diaz
TEL 67 OPEN PLAZA  HUANCAYO;HUANCAYO;HUANCAYO;Avenida;FERROCARRIL;Sheyda Florindez
TEL 68 REAL PLAZA AREQUIPA ;AREQUIPA;AREQUIPA;Avenida;EJERCITO;Sheyda Florindez
TEL 69 MINKA CALLAO ;CALLAO;CALLAO;Avenida;ARGENTINA - MINKA;Mariaelena Quiroz
TEL 70 TACNA;TACNA;TACNA;Avenida;CERCADO CUZCO;Sheyda Florindez
TEL 71 REAL PLAZA PRO ;LIMA;SAN MARTIN DE PORRES;Avenida;ALFREDO MENDIOLA;Paola Mija
TEL PH72 PLAZA VEA VES;LIMA;VILLA EL SALVADOR;Avenida;PLAZA CENTER VILLA EL SALVADOR ;Yeisll Diaz
TEL 73 VILLA MARÍA DEL TRIUNFO;LIMA;VILLA MARIA DEL TRIUNFO;Avenida;PACHACUTEC ;Yeisll Diaz
TEL 74 PORONGOCHE;AREQUIPA;AREQUIPA;Avenida;PORONGOCHE ;Sheyda Florindez
TEL 76 PURUCHUCO;LIMA;ATE;Avenida;NICOLAS AYLLON;Yeisll Diaz
PH077 PSM PLAZA SAN MIGUEL;LIMA;SAN MIGUEL;Avenida;CENTRO COMERCIAL PLAZA SAN MIGUEL;Mariaelena Quiroz
PH 78 TUMBES;TUMBES;TUMBES;Calle;CALLE SAN MARTIN;Sheyda Florindez
PH079  MALL AVENTURA CHICLAYO;CHICLAYO;CHICLAYO;Avenida;PANAMERICANA, CC MALL AVENTURA CHICLAYO;Sheyda Florindez
PH080 MPC MALL PLAZA COMAS;LIMA;COMAS;Avenida;LOS ÁNGELES;Paola Mija
PH 81 CAYMA ;AREQUIPA;AREQUIPA;Avenida;EJERCITO;Sheyda Florindez
PH 83 REAL PLAZA CUSCO;CUSCO;CUSCO;Avenida;COLLASUYO, CENTRO COMERCIAL REAL PLAZA;Sheyda Florindez
PD 033 HEROES;LIMA;SAN JUAN DE MIRAFLORES;Avenida;LOS HEROES;Gabriela Varias
PH 086 TERMINAL TERRESTRE INDEPENDENCIA;LIMA;INDEPENDENCIA;Avenida;GERARDO UNGER;Paola Mija
PH 087 CANTA CALLAO;CALLAO;CALLAO;Avenida;CANTA CALLAO;Mariaelena Quiroz
PHD31 PRO HABICH;LIMA;SAN MARTIN DE PORRES;Avenida;EDUARDO HABICH;Paola Mija
PH84 MALL AVENTURA SJL;LIMA;SAN JUAN DE LURIGANCHO;Avenida;LURIGANCHO;Yeisll Diaz
STARBUCKS 129 LARCO;LIMA;MIRAFLORES;Avenida;JOSE LARCO;Gabriela Varias
STARBUCKS 130 WONG GARDENIAS;LIMA;SANTIAGO DE SURCO;Avenida;ALFREDO BENAVIDES;Gabriela Varias
STARBUCKS 134 MALL AVENTURA SANTA ANITA 2;LIMA;SANTA ANITA;Avenida;NICOLAS AYLLON;Gabriela Varias
STARBUCKS 137 ROYAL PLAZA;LIMA;INDEPENDENCIA;Avenida;CARLOS IZAGUIRRE;Gabriela Varias
STARBUCKS 131 MALL AVENTURA IQUITOS;MAYNAS;IQUITOS;Avenida;CAPITAN JOSE ABELARDO QUIÑONES;Sheyda Florindez
KFC 197 IL REVOLUCION;LIMA;VILLA EL SALVADOR;Avenida;REVOLUCIÓN;Yeisll Diaz
KFC 198 CERES;LIMA;ATE;Avenida;PROLONGACIÓN JAVIER PRADO;Yeisll Diaz
KFC 194 PRÓCERES DE HUANDOY;LIMA;LOS OLIVOS;Avenida;LOS PROCERES;Paola Mija
BURGER KING 89 KIOSKO SJL;LIMA;SAN JUAN DE LURIGANCHO;Avenida;LURIGANCHO;Ereni Valdivia
CC CONDADO SB002;PICHINCHA;;Avenida;MARISCAL SUCRE Y JOHN F. KENNEDY;Sheyda Florindez
CC SCALA SB001 - PASAJE EL VALLE DE CUMBAYÁ;CUMBAYÁ;;Avenida;INTEROCEANICA;Sheyda Florindez
RANSA QUITO - CCI;;;Avenida;RIO AMAZONAS;Sheyda Florindez
STARBUCKS CC CCI;;;Sin tipo;NACIONES UNIDAD;Sheyda Florindez
STARBUCKS MALL JARDIN;;;Calle;RIO AMAZONAS;Sheyda Florindez
KFC 201 PASEO CENTRAL ;AREQUIPA;JACOBO HUNTER;Avenida;ARTURO IBANEZ;Sheyda Florindez
KFC202 - CENTRO COMERCIAL METRO DE CHILCA;HUANCAYO;CHILCA;Avenida;9 DE DICIEMBRE;Sheyda Florindez
KFC 208 GAMA PLAZA;LIMA;LA VICTORIA;Jiron ;AGUSTIN GAMARRA ;Yeisll Diaz
KFC 207 METRO FAUCETT;LIMA;SAN MIGUEL;Avenida;VENEZUELA ;Mariaelena Quiroz
KFC199 - CENTRO COMERCIAL METRO DE CHACLACAYO;LIMA;CHACLACAYO;Avenida;NICOLAS AYLLON;Yeisll Diaz
KFC 205 IL AREQUIPA CENTER ;AREQUIPA;CERRO COLORADO;Avenida;AVIACION;Sheyda Florindez
STARBUCKS QUICENTRO;;;Avenida;NACIONES UNIDAS;Sheyda Florindez
CH30 MALL PLAZA COMAS;LIMA;COMAS;Avenida;LOS ÁNGELES;Sara Cordero
STARBUCKS 141 MALL PLAZA TRUJILLO II;TRUJILLO;TRUJILLO;Avenida;AMERICA OESTE;Sheyda Florindez
STARBUCKS 139 - SALIDAS INTERNACIONALES 3ER PISO AEROPUERTO INTERNACIONAL JORGE CHAVEZ;CALLAO;CALLAO;Avenida;NESTOR GAMBETTA;Gabriela Varias
STARBUCKS 138 - SALIDAS NACIONALES 3ER PISO AEROPUERTO INTERNACIONAL JORGE CHAVEZ;CALLAO;CALLAO;Avenida;NESTOR GAMBETTA;Gabriela Varias
CH6 - CENTRO COMERCIAL LARCOMAR;LIMA;MIRAFLORES;Avenida;MALECÓN DE LA RESERVA;Sara Cordero
"PH 088 LAP
NUEVO AEROPUERTO JORGE CHAVEZ";CALLAO;CALLAO;Avenida;NESTOR GAMBETA;Mariaelena Quiroz
KFC 203 LLEGADAS NACIONALES LAP - NUEVO AEROPUERTO JORGE CHAVEZ;CALLAO;CALLAO;Avenida;NESTOR GAMBETA;Mariaelena Quiroz
KFC 200 CARABAYLLO;LIMA;CARABAYLLO;Avenida;TUPAC AMARU;Paola Mija
STARBUCKS 136 - LLEGADAS 1ER PISO AEROPUERTO INTERNACIONAL JORGE CHAVEZ;CALLAO;CALLAO;Avenida;NESTOR GAMBETTA;Gabriela Varias
SB 117 REAL PLAZA HUÁNUCO;HUANUCO;HUANUCO;Jiron;INDEPENDENCIA ;Sheyda Florindez
KFC 204 CC MOLINA PLAZA ;LIMA ;LA MOLINA;Avenida ;RAUL FERRERO ;Mariaelena Quiroz
KFC 213 TOTTUS SULLANA;SULLANA;SULLANA;Avenida;PANAMERICANA;Sheyda Florindez
KFC 210 PORTAL PIZARRO;TRUJILLO;TRUJILLO;Jiron;PIZARRO;Sheyda Florindez
SB 144 PORTAL PIZARRO;TRUJILLO;TRUJILLO;JIRON ;PIZARRO;Sheyda Florindez
KFC 206 - PUNTA MAR;LIMA;PUNTA HERMOSA;Carretera;ANTIGUA PANAMERICANA SUR;Yeisll Diaz
KFC 209 - MEGA PLAZA ICA II;ICA;ICA;Avenida;LOS MAESTROS;Sheyda Florindez
KFC 219 - MALL DEL SUR 3;LIMA;SAN JUAN DE MIRAFLORES;Avenida;LOS LIRIOS;Yeisll Diaz
KFC 221 - MEGA PLAZA VES 2;LIMA;VILLA EL SALVADOR ;Avenida;PRIMERO DE MAYO ;Yeisll Diaz
KFC 196 - METRO BREÑA;LIMA;BREÑA;Avenida;ALFONSO UGARTE;Mariaelena Quiroz
KFC 212 - IL REAL PLAZA CUSCO ;CUSCO;CUSCO;Avenida;COLLASUYO;Sheyda Florindez
KFC 222 - PATIO CENCOSUD LA MOLINA;LIMA;LA MOLINA;Avenida;RAUL FERRERO;Mariaelena Quiroz
